ない,17201
てる,15962
する,15067
なる,4926
です,3572
たい,3522
寝る,3345
くる,3218
れる,3164
すぎる,3082
やる,2971
ます,2719
ある,2701
行く,2578
いる,2576
いい,2548
見る,2490
思う,2282
こと,2123
今日,2113
そう,1972
出る,1887
時間,1860
ああ,1580
もう,1577
言う,1565
これ,1510
この,1400
ちゃう,1358
来る,1350
起きる,1335
しまう,1321
ふる,1272
帰る,1234
授業,1188
終わる,1181
自分,1131
明日,1116
最近,1059
できる,1025
なんか,998
いう,994
まあ,955
入る,954
めっちゃ,923
忘れる,918
普通,900
さん,886
られる,884
まだ,877
聴く,800
くれる,798
食べる,790
やめる,786
勉強,779
つらい,758
てか,734
使う,721
アニメ,717
ちゃん,706
電車,702
飲む,699
やばい,693
書く,689
全然,686
どう,685
いく,682
いや,676
でる,661
せい,659
課題,648
おお,645
あー,645
よい,644
買う,635
わかる,633
吹く,630
ちょっと,625
悪い,612
考える,608
よう,600
持つ,594
風呂,580
ちる,557
よく,539
こんな,530
それ,530
楽器,528
久しぶり,523
試験,515
大学,509
みたい,506
早い,505
そろそろ,504
始める,501
単位,498
ブラ,495
みる,492
死ぬ,487
すごい,475
ダメ,474
マジ,458
知る,457
取る,454
つく,451
眠い,450
分かる,450
冷静,444
多分,443
読む,440
せる,439
やっぱ,439
つい,437
寒い,435
感じ,427
すぎ,425
意味,416
疲れる,409
完璧,409
とりあえず,407
ふとい,401
暑い,400
レポート,398
入れる,394
間違える,391
好き,390
さっき,385
いける,381
研究,380
マン,379
昨日,374
なん,374
痛い,371
違う,369
多い,369
乗る,366
また,365
実験,365
受ける,363
面白い,362
部屋,360
っぽい,355
絶対,349
楽しい,347
やつ,343
流石,343
ここ,341
聞く,339
ため,336
練習,335
作る,334
出す,333
結局,331
かける,326
ちゃんと,324
花粉,324
かわいい,323
地味,323
思い出す,321
楽章,321
そんな,319
間に合う,318
はい,316
とく,314
なんで,309
もの,306
変わる,304
ペット,302
ところ,301
まくる,301
ゲーム,299
たん,298
睡眠,298
チャイ,296
その,296
つける,295
人生,294
みんな,294
一番,293
見える,290
うち,290
生きる,289
良い,288
欲しい,287
っす,286
ねむい,275
出来る,275
どこ,275
過ぎる,274
ふとる,274
くださる,274
みやる,272
笑う,272
やん,271
高い,269
でも,268
怖い,267
ネタ,267
音楽,266
同じ,264
まったく,259
かかる,259
ビビる,256
部室,255
中間,254
眠気,252
行う,252
らしい,252
全部,249
ウケる,248
生活,248
いかん,247
お前,246
あと,245
覚える,245
うまい,244
先輩,244
泣く,244
やっぱり,243
ほる,241
あれ,239
おかしい,238
弾く,238
最高,238
クソ,238
わり,237
大丈夫,237
着く,237
さる,236
記憶,236
提出,234
わけ,233
こわい,233
以外,233
高校,232
ものすごい,232
いとしい,231
電池,230
切れる,228
なに,228
目黒,226
以上,226
気持ち,225
取れる,225
ほんとに,223
おなか,223
メール,220
ひる,219
行ける,217
感じる,215
やっと,214
開く,213
落とす,212
キレ,212
止まる,211
とる,209
あの,208
ぽい,207
じゃ,207
しかし,205
じゃん,204
ござる,204
別に,204
やる気,202
文系,202
結構,201
あぁ,200
歩く,200
落ち,200
なくなる,199
戻る,199
英語,199
早起き,198
送る,196
正直,195
問題,194
ずっと,194
気がつく,193
先生,192
すぐ,191
教室,191
最後,191
はる,190
去年,189
ほう,188
気力,187
だいたい,186
懐かしい,186
いくら,185
迷う,185
目覚まし,183
コンタクト,183
学校,183
さむい,183
名前,183
余裕,183
規制,182
真顔,182
予定,181
遅刻,181
もらう,180
変える,179
意識,178
あんま,178
ただ,177
家出,176
会う,176
通知,175
ブラームス,174
ごめん,173
レベル,173
定期,173
ギター,171
いつも,171
演習,170
飛ぶ,169
話す,169
始まる,168
内容,167
上がる,166
おおう,166
合宿,166
途中,164
準備,163
本番,163
最初,162
ほとんど,162
はず,161
つかれる,160
バイト,160
とき,159
降る,159
たち,158
切る,157
いつ,157
残る,157
もん,157
ええ,156
武蔵,156
充電,156
だいぶ,155
ねる,155
遅い,154
録音,154
すげる,153
もつ,153
演奏,153
がんばる,153
関係,152
腹痛,152
いろいろ,152
変換,152
金管,151
ぼる,151
場所,150
いつの間にか,149
今回,149
携帯,148
出席,147
ひどい,147
うい,147
時半,147
なんとか,147
うるさい,146
動く,145
寝坊,145
兄貴,145
教科書,145
冷房,144
おい,144
まま,144
本当に,144
状態,143
消える,142
これから,142
足りる,142
ねえ,142
べし,141
何で,141
週間,141
トイレ,141
渋谷,141
微妙,140
座る,140
混む,139
える,139
教授,138
無理,138
探す,138
落ちる,137
見つかる,136
飽きる,136
困る,135
世界,135
日本語,135
そのまま,135
現実,135
留年,134
すく,134
りん,134
はぐ,134
必要,134
適当,133
ソロ,133
意外と,132
いい加減,132
プロ,132
夏休み,132
申し訳,131
諦める,131
続ける,131
にくい,131
うわ,131
ほんと,131
流れる,131
テンション,130
あげる,130
少ない,129
リアル,129
めんどい,129
鳴る,129
カラオケ,129
山手,129
思いっきり,128
人間,128
まとも,127
長い,127
合う,127
たくさん,127
酔う,126
今期,126
文字,125
外す,124
ホモ,124
一緒,124
そこ,124
すずかけ,123
休む,123
聞こえる,122
おく,122
うーん,122
消す,122
はぁ,122
電波,122
進む,122
観る,121
かなり,121
こっち,121
しれる,121
普段,121
休講,121
午前,120
ピアノ,119
勝手,119
瞬間,119
既に,118
遅れる,118
こす,117
原作,117
吹ける,117
まつり,117
リズム,117
早寝,117
いきなり,116
だから,116
今更,115
経つ,115
一応,114
ぶる,114
初めて,114
見れる,113
ってか,113
国立,113
言える,113
気分,113
時代,113
絶望,113
毎日,112
午後,112
写真,111
コード,111
体力,111
可愛い,111
捗る,111
低い,111
ホン,111
卒論,110
後期,110
置く,110
強い,110
着る,109
来週,109
実は,109
当たる,109
ふろ,108
実際,108
健康,108
やすい,108
トランペット,108
イヤ,108
東工大,107
遅延,107
なかなか,107
周り,107
基礎,107
月曜,107
東京,106
卒業,106
スコア,106
計算,106
アンサンブル,105
横浜,105
ゆっくり,104
仮眠,104
おかげ,104
爆笑,104
トーン,104
よし,103
大変,103
テスト,103
いろんな,103
リア,103
返す,103
そして,102
重い,102
ごめんなさい,102
さて,102
夢見る,101
今年,101
ほしい,101
セックス,100
空く,100
頼む,100
がる,100
むしろ,100
新宿,100
呼ぶ,100
うる,100
なぜ,100
朝食,99
ちょうど,98
しょうが,98
あつい,98
基本,98
障る,98
使える,98
降りる,98
そういう,98
タコ,98
ちまう,97
金曜,97
一つ,97
だるい,97
情報,97
教える,97
クラスタ,96
つけ,96
溜まる,96
めんどくさい,96
無駄,95
後輩,95
感覚,95
慣れる,95
確認,94
真面目,94
外出,94
何とか,94
友達,94
向かう,94
どっち,93
楽譜,93
怒る,93
過去,93
全て,93
ツイ,93
減る,93
似る,93
集中,93
深夜,92
フルート,92
クズ,92
整理,92
幸せ,92
キメる,92
どうせ,91
予想,91
あっ,91
前期,91
だんだん,91
ありがとう,91
中央,90
寝起き,90
眼鏡,90
魔王,90
スる,90
ゆる,90
歌う,90
わろい,90
パート,89
んじゃ,89
成績,89
時期,89
覚める,89
新しい,89
ご飯,89
会話,88
突然,88
こういう,88
被る,88
科目,88
行き,88
食う,87
アホ,87
調子,87
ハイ,86
小学生,86
えん,86
読める,86
近い,86
しかも,86
こもる,85
コンビニ,85
なす,85
今週,84
今度,84
二日酔い,84
理解,84
あまり,84
こう,84
後ろ,84
進捗,84
布団,84
毎回,84
圧倒的,83
二郎,83
急行,83
ラーメン,83
お金,83
増える,83
焦る,83
こいつ,83
おる,82
物理,82
とても,82
迫真,82
合わせる,82
へる,82
上げる,82
一瞬,82
バレる,82
トップ,82
放送,82
編曲,82
抜ける,82
さすが,81
緊張,81
打つ,81
苦手,81
概念,81
ミス,81
ホルン,81
頭痛,81
飛ばす,80
たび,80
呟く,80
発表,80
嫌い,80
フル,79
遠い,79
助かる,79
起こす,79
恥ずかしい,79
超える,79
電話,79
反応,79
ちなみに,79
アイコ,78
ストレス,78
ブロック,78
バス,78
安定,78
帰宅,77
帰り,77
学科,77
言葉,77
待つ,77
ビール,77
不明,77
流す,76
譜面,76
うん,76
半分,76
わく,76
吸う,76
そもそも,76
独り言,76
熱い,76
涼しい,75
なるほど,75
作品,75
音量,75
フォロー,75
遊ぶ,75
最終,75
本気,75
確か,75
休み,74
寝ぼける,74
年生,74
許す,74
おきる,74
期間,74
ぶっ,74
消化,74
激しい,73
もはや,73
もともと,73
どういう,73
どれ,73
リスト,73
くう,73
つもり,73
ぼく,72
ちんちん,72
精神,72
ライブ,72
知り合い,72
疲れ,72
もっと,72
難しい,72
前回,72
ドア,72
どっか,72
辛い,72
直す,72
やはり,72
ヶ月,72
目覚める,72
乗り,71
酷い,71
仕事,71
画像,71
走る,71
ついてる,70
お腹,70
忙しい,70
ぶり,70
明後日,70
楽しみ,70
乗り換え,70
早め,70
気づく,70
ウェイ,69
自室,69
存在,69
見つける,69
空中,69
放置,69
飲み物,69
あんまり,69
嬉しい,69
ガン,69
キーボード,69
動ける,69
土曜,68
お家,68
何故か,68
くん,68
設定,68
つる,68
直後,68
埋まる,67
かっこいい,67
そりゃ,67
気持ちいい,67
開ける,67
春休み,67
クラス,67
プリント,67
終了,66
椅子,66
説明,66
終電,66
うめ,66
こりゃ,66
ゆう,66
直前,66
時点,66
ゆり,66
とこ,66
診断,66
クラ,66
信じる,65
木曜,65
買える,65
楽しむ,65
タイミング,65
連続,65
水曜,65
ルート,65
しょっちゅう,64
作業,64
危うい,64
解除,64
ワイ,64
誤る,64
わたし,64
あなた,63
悲劇,63
あまりに,63
カレー,63
ちょ,63
彼氏,63
センター,63
だらけ,63
済む,63
タイ,62
びっくり,62
簡単,62
申請,62
イメージ,62
音源,62
流行る,62
紹介,62
繋がる,62
ちく,62
目覚ましい,61
思い出せる,61
せっかく,61
院試,61
要る,61
しぬ,61
タイム,61
日本,61
空目,61
ピッコロ,60
厄介,60
化す,60
ワン,60
気持ちよい,60
回収,60
財布,60
えっ,60
父親,60
決まる,60
軽い,60
未だに,60
中高,60
公式,59
すいません,59
たま,59
登録,59
声優,59
書ける,59
中学,59
汚い,59
思える,59
当分,59
くい,59
遡る,59
ネット,58
抜く,58
笑える,58
かる,58
消せる,58
どん,58
どの,58
場合,58
進級,58
治る,57
こんなに,57
チャン,57
引く,57
起動,57
こい,57
まずい,57
きる,57
先週,57
入力,57
なさる,57
なんと,57
売る,57
もち,57
こむ,57
頑張る,57
キモ,56
期末,56
使い,56
ラフ,56
実況,56
表現,56
回避,56
何故,56
コミュニケーション,56
悲しみ,56
残り,56
ギリギリ,56
ホーム,56
掃除,55
さっさと,55
阿る,55
はや,55
美味い,55
日程,55
暖房,55
聴こえる,55
変態,55
帰れる,55
無意識,55
リム,55
異様,55
撮る,55
学期,55
通り,54
タイプ,54
おしめ,54
叫ぶ,54
調べる,54
音程,54
可能,54
いいえ,54
得る,54
気功,54
タグ,54
くそ,54
個人,54
出せる,54
壊れる,54
両方,54
年間,54
延々と,54
時間割,54
東横,53
冬休み,53
買い,53
音域,53
振る,53
萎える,53
近く,53
さま,53
すき,53
アカウント,53
おう,53
証明,53
働く,53
入学,53
貸す,53
危ない,53
なれる,52
借りる,52
魔法,52
深い,52
生まれる,52
おいしい,52
弾ける,52
短い,52
電源,52
文化,52
全員,52
感動,52
お願い,52
たまに,52
受験,52
特に,52
打ち込む,52
佳奈,52
受信,51
認識,51
耐える,51
心配,51
展開,51
点数,51
講義,51
ないし,51
乾燥,51
社会,51
最悪,51
出会い,51
住む,51
珍しい,51
満足,51
倒れる,51
印刷,51
のんびり,51
ディスプレイ,51
過ごす,50
期待,50
消し,50
体調,50
超絶,50
ろう,50
思いの外,50
入り,50
綺麗,50
異常,50
ダッシュ,50
クリ,50
流速,50
無い,49
勘違い,49
どんな,49
誤字,49
かう,49
下がる,49
妄想,49
直る,49
間違い,49
泣ける,49
シャワー,49
クール,49
乗れる,49
悲しい,49
多少,49
速い,49
最寄り,48
戻す,48
くしゃみ,48
詰む,48
残念,48
吹奏楽,48
届く,48
数学,48
繰り返す,48
チャラ,48
みなさん,48
録画,48
徹夜,48
来年,47
臭い,47
滅びる,47
あし,47
押す,47
辞める,47
脱ぐ,47
上手い,47
移動,47
後で,47
立つ,47
映る,47
結果,47
更新,47
よっしゃ,47
計画,47
アセンブリ,47
女の子,46
イベント,46
全裸,46
すか,46
当てる,46
素晴らしい,46
急ぐ,46
理由,46
活動,46
いと,46
メイン,46
乞食,46
天使,46
自由が丘,46
破壊,46
ノート,46
まつ,46
日曜,46
見返す,46
殴る,46
遊び,45
予測,45
限る,45
解放,45
ページ,45
自然,45
再生,45
違和感,45
そんなに,45
線形,45
フユ,45
非常,45
勢い,45
シーン,45
割れる,45
たみ,45
どうし,45
童貞,44
喋る,44
濡れる,44
大好き,44
台風,44
テレビ,44
スッキリ,44
カード,44
決める,44
まじ,44
主人公,44
女子,44
続く,44
だめ,44
だれ,44
足る,44
未来,44
たのしい,44
初回,44
そっち,44
絡む,44
やり直す,44
前日,44
家族,44
空気,44
テロ,44
後遺症,44
学生,44
ノー,43
わる,43
わざわざ,43
ほぼ,43
馬鹿,43
コア,43
並ぶ,43
キャラ,43
一気に,43
キー,43
大学生,43
ホール,43
暇人,43
性格,43
期限,43
求める,43
ちょい,43
元気,43
まとめる,43
寿司,43
見せる,43
不足,43
大きい,43
そっ,43
選ぶ,43
クリア,43
アッ,43
停る,42
サークル,42
伸びる,42
図書館,42
自動,42
集団,42
ティッシュ,42
寄る,42
落ち着く,42
待機,42
引退,42
環境,42
うれしい,42
暗い,42
じゃが,42
想像,42
生き返る,42
資料,42
みわ,42
表示,42
震え,42
見逃す,42
効く,42
止める,42
当たり前,42
こころ,42
もる,41
ハマる,41
発売,41
自転車,41
しめ,41
だす,41
相手,41
バカ,41
出し,41
トロンボーン,41
思いつく,41
甘い,41
あう,41
どうにか,41
休日,41
コルネット,41
触る,41
幻想,40
レポ,40
なんだかんだ,40
ジュース,40
以来,40
長野,40
コマ,40
今朝,40
一生,40
引き,40
止む,40
サビ,40
強制,40
年賀状,40
失敗,40
電気,40
治す,40
老害,40
筋肉,40
っぱなし,40
正解,40
メモ,40
再々,39
作り,39
状況,39
依存,39
浴びる,39
ついで,39
大岡山,39
陛下,39
書き,39
作曲,39
寝っ転がる,39
ハッ,39
結婚,39
消費,39
当時,39
もしかして,39
あたり,39
男子校,39
開示,39
廃人,39
なんとなく,39
乗り換える,39
犯罪,39
カバー,39
画面,39
解ける,39
いたい,39
いえ,39
違い,39
安心,38
オタク,38
チケット,38
もちろん,38
払う,38
休憩,38
経験,38
襲う,38
思い,38
イライラ,38
復活,38
優雅,38
仕様,38
明るい,38
スーツ,38
匂い,38
気温,38
後悔,38
おっ,38
相鉄,38
返信,37
指揮,37
ギャグ,37
みや,37
我慢,37
感想,37
カラ,37
会える,37
通る,37
把握,37
寝過ごす,37
もらえる,37
安い,37
遠征,37
たつ,37
調整,37
ごと,37
下手,37
自体,37
過ぎ,37
逃す,37
何だかんだ,37
交流,37
ポイント,37
文章,37
マサイ,37
選曲,37
機会,37
不審,36
店員,36
志望,36
きれる,36
じゃあ,36
よる,36
位置,36
じゃう,36
ファン,36
フラグ,36
サイト,36
ネギ,36
解く,36
日付,36
エクスタシー,36
映画,36
使い方,36
へん,36
工事,36
次元,36
かつ,36
オーロラ,36
評価,36
座れる,36
辿る,36
おじさん,36
イン,36
平均,36
動画,36
ける,36
刺す,36
冷える,36
疑惑,36
全く,36
左手,36
冒頭,36
ナチュラル,36
震える,36
すれ違う,35
彼女,35
おわる,35
あいさつ,35
なお,35
ラボ,35
サーチ,35
レス,35
ひく,35
凌駕,35
うむ,35
行動,35
そういや,35
奪う,35
自己,35
コート,35
やまと,35
比べる,35
ストーリー,35
のどか,35
改善,35
お茶,35
番号,35
木管,35
吐く,35
プログラム,34
友人,34
パターン,34
忘れ物,34
あく,34
ゼミ,34
取り,34
飲める,34
乾く,34
印象,34
いま,34
作れる,34
挨拶,34
特定,34
集まる,34
火曜,34
スライド,34
はたらく,34
程度,34
つぶやく,34
イカ,34
迷惑,34
大量,34
駄目,34
女性,34
回る,34
ポケット,34
昼寝,34
漏らす,34
替える,34
渡す,34
恐怖,33
荷物,33
無限,33
化学,33
失う,33
小節,33
反省,33
アクセル,33
選択肢,33
かわく,33
小さい,33
やむ,33
履修,33
ベト,33
男子,33
外れる,33
余計,33
消滅,33
いきる,33
とれる,33
流れ,33
現象,33
貰う,33
あんな,33
大事,33
静か,33
地震,33
付近,33
てっきり,33
いえいえ,33
案外,33
駅前,33
奏者,33
サボる,33
案の定,33
健全,32
体育,32
データ,32
叩く,32
中身,32
とんでも,32
確定,32
台湾,32
興味,32
混ざる,32
成人,32
面倒くさい,32
漫画,32
暖かい,32
抱く,32
まず,32
いつのまにか,32
往復,32
付き,32
かえる,32
くり,32
本格,32
目立つ,32
値段,32
エロ,32
偶然,32
洗う,32
崩れる,32
高校生,32
分の,32
ファイル,32
日常,32
邪魔,32
もし,32
不味い,32
右手,32
たまる,31
灼熱,31
しゃっくり,31
車両,31
無事,31
論理,31
学年,31
科学,31
噛む,31
ロータリー,31
追う,31
実装,31
ふり,31
浮かぶ,31
赤い,31
登校,31
かゆい,31
処理,31
狂う,31
全体,31
まだまだ,31
発見,31
話しかける,31
アルコール,31
好み,31
推す,31
奇声,31
スペース,30
バレ,30
所属,30
タブ,30
どうして,30
痛み,30
あがる,30
喘ぐ,30
実感,30
ぽん,30
ふざける,30
犠牲,30
募集,30
チーズ,30
仲間,30
回復,30
ワールド,30
自宅,30
閉める,30
同時に,30
唐突,30
皆さん,30
寝違える,30
電電,30
引き落とし,30
単語,30
症状,30
ひと,30
カルメン,30
発車,30
いったん,30
難易,30
着替える,29
感情,29
土曜日,29
部活,29
洗濯,29
痺れる,29
浅い,29
むく,29
日間,29
優秀,29
捨てる,29
フランク,29
バッテリ,29
間違う,29
曜日,29
湘南,29
死亡,29
ばい,29
褒める,29
どうぞ,29
子供,29
相変わらず,29
模様,29
不安,29
情工,29
さす,29
つまり,29
物語,29
感謝,29
全身,29
害悪,29
東横線,29
誰か,29
返し,29
コーヒー,29
生き甲斐,28
詰まる,28
隠す,28
アイス,28
ワイン,28
ロング,28
判断,28
大人,28
増やす,28
一昨年,28
待ち,28
貼る,28
除く,28
させる,28
チェック,28
南武線,28
解消,28
後半,28
わける,28
キュー,28
漁る,28
死ねる,28
やってくる,28
冷蔵庫,28
ふう,28
風邪,28
答える,28
自由,28
接触,28
若い,28
ケーブル,28
人気,28
ニヤニヤ,28
主題,28
訴訟,28
伴奏,28
思考,28
正確,28
土日,28
引っ越す,28
部分,28
はやい,28
還る,28
常に,28
集める,28
すまん,28
具合,27
工大,27
新入生,27
だらし,27
切れ,27
わっ,27
ついに,27
交響,27
ごはん,27
バトル,27
言語,27
みかん,27
センス,27
ケーキ,27
こる,27
ドイツ,27
確保,27
立てる,27
勝つ,27
何となく,27
美味しい,27
すっきり,27
本人,27
苦しむ,27
甘え,27
ライン,27
士農工商,27
当日,27
自信,27
システム,27
発生,27
未だ,27
わぁ,27
閉まる,27
最低,27
酔い,27
質問,27
パリ,27
思い出,27
切り,26
永遠,26
奈々,26
ボス,26
見た目,26
たらしい,26
パン,26
ぬう,26
オクターブ,26
理系,26
ロック,26
うふ,26
年齢,26
ケース,26
日吉,26
妖精,26
削る,26
たて,26
界隈,26
新年,26
乗っ取る,26
ちゃ,26
検索,26
詐欺,26
体勢,26
話題,26
毎週,26
ログイン,26
折れる,26
その後,26
テンポ,26
回路,26
視聴,26
現役,26
響き,26
メタ,26
ふふふ,26
旅行,26
ズレる,26
中途半端,26
ブラック,26
いつか,26
他人,26
ドン,26
見当たる,26
口座,26
ハード,26
オペラ,26
しびれる,26
作戦,26
ロボット,26
バー,26
タイトル,26
ぶつける,25
マウス,25
壊す,25
たった,25
中央アジア,25
我孫子,25
スルー,25
変更,25
範囲,25
シンフォニー,25
でかい,25
誕生,25
アシ,25
ボケ,25
向き,25
音質,25
以降,25
初期,25
通学,25
騒ぐ,25
二俣川,25
驚愕,25
ひで,25
連呼,25
小島,25
鬼畜,25
あそこ,25
マック,25
カップ,25
再開,25
序曲,25
欠席,25
近寄る,25
きく,25
方々,25
確率,25
影響,25
どく,25
代わり,25
さく,25
ちん,25
お父さん,25
ピッチ,25
オリ,25
はじめる,25
小学校,25
たす,25
ほか,25
なか,25
来期,25
操作,25
オススメ,25
響く,25
挟む,25
ひぐらし,25
つまらない,25
願書,25
なくす,25
おちる,25
漢字,25
快適,24
あっという間に,24
ゴミ,24
暖まる,24
判明,24
不思議,24
二つ,24
まさか,24
メンバー,24
コン,24
白目,24
中指,24
助ける,24
区別,24
かっこよい,24
祭り,24
発行,24
配信,24
マスク,24
まい,24
所持,24
技術,24
きた,24
松屋,24
かれる,24
セブン,24
鍛える,24
勇者,24
眺める,24
稲城長沼,24
弱い,24
荒れる,24
しめやか,24
興奮,24
誤爆,24
符号,24
歴史,24
中国,24
終える,24
虚しい,24
余る,24
夕食,24
ちの,24
進める,24
荷造り,24
岡山,24
かなう,24
完全,24
事案,24
負ける,24
引っかかる,24
着ける,24
ひっかかる,24
フリー,24
いむ,24
入れ,23
習慣,23
あん,23
扱い,23
自主,23
そこら,23
ざま,23
気合,23
入ろう,23
混じる,23
中目黒,23
たら,23
眠り,23
コス,23
報告,23
書類,23
らん,23
きつい,23
あぶない,23
笑い,23
理論,23
出番,23
有名,23
ラスト,23
東大,23
小山,23
えー,23
どちら,23
下り,23
運転,23
ロシア,23
履く,23
クリスマス,23
それにしても,23
関数,23
掘る,23
あいつ,23
ズボン,23
干す,23
パパ,23
明らか,23
マツダ,23
新刊,23
癒す,23
はーい,23
今月,23
しる,23
病院,23
おっさん,23
晒す,23
心臓,23
家系,23
お昼,23
用意,23
天気,23
油断,22
動き,22
いふ,22
ショック,22
お疲れ様,22
被害,22
潰す,22
ヒト,22
右足,22
難聴,22
貪る,22
電磁気,22
世の中,22
必死,22
記念,22
希望,22
知り合う,22
開始,22
進行,22
踏む,22
めん,22
湘南台,22
接続,22
封印,22
取り込む,22
発狂,22
混ぜる,22
納得,22
効果,22
最大,22
連発,22
いただく,22
ひひ,22
セクハラ,22
一般,22
十分,22
スーパー,22
崩壊,22
インストール,22
返る,22
機能,22
歌詞,22
寂しい,22
ラブ,22
なり,22
いたむ,22
鳴らす,22
はつ,22
厳しい,22
積極,22
そば,22
痛む,22
泊まる,22
成功,22
便利,22
相互,22
駆逐,22
下北,22
チョコ,22
虚無,22
かむ,22
維持,22
おもしろい,22
削除,22
燃える,22
すっごい,22
宣伝,22
改札,22
パソコン,22
ヴァイオリン,22
将来,22
居る,22
チン,22
夕方,21
打ち上げる,21
打ちこむ,21
モノ,21
手帳,21
焦点,21
けど,21
伸ばす,21
うどん,21
事故,21
学部,21
聴ける,21
小指,21
いじる,21
近所,21
惚れる,21
かもす,21
恋愛,21
お湯,21
トロ,21
意思,21
レッスン,21
ぞい,21
マスター,21
最強,21
すう,21
製本,21
トーク,21
遭遇,21
殺す,21
正しい,21
もぐ,21
ループ,21
さわやか,21
行列,21
メヌエット,21
出発,21
ちがう,21
惰眠,21
フィル,21
加減,21
サー,21
カオス,21
わい,21
全力,21
野菜,21
入渠,21
おん,21
いやあ,21
キャンパス,21
最新,21
かた,21
ニコニコ,21
連絡,21
イイ,21
一般人,21
偉大,21
腰痛,21
舐める,21
炭酸,21
上り,21
スピーカー,21
メガ,21
あぶる,21
まわり,21
武士,21
実家,21
平日,21
幼女,21
みつ,21
ベル,21
大井,21
こちら,21
出身,21
速攻,21
逃げる,20
成長,20
目的,20
おっぱい,20
さい,20
あける,20
サッカー,20
だらだら,20
はいる,20
直接,20
能力,20
ブーメラン,20
キス,20
半年,20
アリ,20
教師,20
割る,20
バック,20
同士,20
昼飯,20
あったかい,20
解決,20
公園,20
衝撃,20
鑑賞,20
づらい,20
避ける,20
何だ,20
気まずい,20
ウィーン,20
ゼロ,20
当たり,20
まさかの,20
おもう,20
うふふ,20
アップ,20
産まれる,20
本名,20
追い出す,20
爆撃,20
くだらない,20
早朝,20
しかして,20
伝わる,20
エア,20
駒場,20
溢れる,20
おはよう,20
危機,20
全開,20
ミニコン,20
狙う,20
控えめ,20
むさい,20
損ねる,20
思わず,20
バランス,20
理工,20
バンド,20
宇宙,20
やれる,20
騙す,20
差し入れ,20
不安定,20
外人,20
課金,20
低音,20
挿す,20
動かす,20
くだす,19
疲労,19
同期,19
速度,19
狭い,19
やぶる,19
煽る,19
劇場,19
予感,19
北極,19
高まる,19
一昨日,19
土下座,19
滑る,19
だし,19
ユーザー,19
重奏,19
失礼,19
構成,19
食欲,19
サジェスト,19
たり,19
大和,19
管理,19
衝動,19
燃やす,19
リビング,19
勝ち,19
苦しい,19
しゅう,19
攻撃,19
うつ,19
ほんま,19
交換,19
離れる,19
勝利,19
進撃,19
実質,19
大した,19
耐性,19
距離,19
満々,19
叢雲,19
音色,19
礼服,19
無料,19
もと,19
ベース,19
ココア,19
改めて,19
大声,19
送信,19
いったい,19
翌朝,19
勇気,19
ヒリヒリ,19
焼く,19
散歩,19
コンクール,19
特急,19
かわいそう,19
こん,19
完了,19
気持,19
おさん,19
フレーズ,19
発言,19
方向,19
配る,19
詳しい,19
薄い,19
コネクト,19
価値,19
三田,19
かく,19
冷たい,19
回す,19
補正,19
浄化,18
倒す,18
参戦,18
翻訳,18
痙攣,18
ひとつ,18
察し,18
れい,18
協奏曲,18
手動,18
とぶ,18
タイツ,18
起床,18
機械,18
隠語,18
セット,18
埋める,18
給料,18
マリア,18
いっぱい,18
ばか,18
北海道,18
解答,18
修正,18
アドレス,18
料理,18
祈る,18
プログラミング,18
事件,18
かったるい,18
駅員,18
階段,18
どんなに,18
仕方,18
名作,18
ベンチ,18
提供,18
略す,18
遅れ,18
発掘,18
温度,18
部長,18
向う,18
共通,18
追いつく,18
潰れる,18
アルバム,18
みなとみらい,18
間隔,18
会社,18
確実,18
危険,18
マミ,18
見かける,18
メンテ,18
どころ,18
正規,18
えむ,18
クラシック,18
ピン,18
充実,18
監視,18
フランス,18
ばる,18
生姜,18
ブリ,18
毎年,18
覗く,18
ネクタイ,18
伝説,18
いか,18
待ち合わせ,18
しげい,18
手抜き,18
スイ,18
季節,18
申告,18
教務,18
決定,18
サービス,18
大田,18
勝てる,18
みね,18
鎌倉,18
かぶる,18
閉じる,18
回線,18
コメント,18
杉田,18
捕まる,17
参考,17
うんぬん,17
しん,17
発想,17
言いまくる,17
広告,17
連打,17
よろしく,17
満たす,17
手元,17
しらす,17
山田,17
保存,17
通う,17
少女,17
ゲイ,17
備える,17
頻度,17
表記,17
食らう,17
観測,17
ある程度,17
タッチ,17
スープ,17
久し振り,17
エゴ,17
繋げる,17
注意,17
痒い,17
スイカ,17
ブル,17
片付ける,17
くすい,17
ダイヤ,17
ピック,17
歪む,17
前半,17
セーブ,17
揺れる,17
日曜日,17
母校,17
セイ,17
ベートーヴェン,17
面倒,17
人数,17
なんとも,17
稼ぐ,17
救済,17
旋律,17
雰囲気,17
崩す,17
上原,17
おの,17
おじいちゃん,17
下げる,17
優しい,17
今後,17
シティ,17
ガイダンス,17
カリ,17
お気に入り,17
再現,17
ヨーグルト,17
野郎,17
あきらめる,17
長津田,17
含む,17
停止,17
ちゃーん,17
あご,17
講堂,17
皆無,17
喋れる,17
怪しい,17
言い訳,17
田舎,17
積む,17
デート,17
姉さん,17
集積,17
ライフ,17
座席,17
障害,17
主義,17
扇風機,17
グループ,17
喫茶,17
そこそこ,17
制限,17
出かける,17
精霊,17
楽しめる,17
でん,17
答え,17
尊敬,17
選択,17
マイ,17
すべて,17
趣味,17
キリン,17
ガリガリ,17
通信,17
晴れる,17
どうも,17
ランド,17
一言,17
ふく,17
はじ,17
断線,17
おもろい,17
含める,17
現代,17
ネジ,17
テレ,17
腹筋,17
起こる,16
狂気,16
一周,16
すい,16
母親,16
編成,16
目薬,16
更に,16
トンネル,16
濃い,16
おれ,16
湧く,16
盛り上がる,16
東急,16
徒歩,16
全休,16
成果,16
制服,16
同時,16
さぁ,16
ラジオ,16
液晶,16
何かと,16
ノリ,16
開封,16
体験,16
集合,16
おめでとう,16
反対,16
それでも,16
うらやむ,16
初心者,16
経由,16
育てる,16
たでる,16
処女,16
つまむ,16
おろす,16
ボタン,16
知識,16
人外,16
不可能,16
偉い,16
無気力,16
送れる,16
メモリ,16
生命,16
明け,16
ありがと,16
触れる,16
アパラチア,16
むす,16
なめる,16
支配,16
アル,16
防音,16
ジョージ,16
面接,16
ラッシュ,16
カン,16
蹴る,16
悪夢,16
木戸池,16
思い込む,16
性癖,16
わさび,16
透明,16
神奈川,16
会場,16
変化,16
悲鳴,16
焦り,16
たく,16
煮る,16
絶賛,16
度目,16
修理,16
抜き,16
特有,16
やらかす,16
まる,16
広い,16
コンディション,16
載る,16
失せる,16
ふらふら,16
アンパン,16
途端,16
時計,16
あら,16
悔しい,15
笑い声,15
錆びる,15
見覚え,15
解説,15
誘惑,15
微か,15
ジェット,15
まつる,15
ホラー,15
事実,15
包む,15
ミント,15
カズ,15
カウント,15
伝える,15
延長,15
出費,15
盛大,15
持ち込む,15
落下,15
さらに,15
私服,15
中国語,15
面白,15
レール,15
おそらく,15
ダンス,15
休める,15
何事,15
思い返す,15
下敷き,15
いち,15
はねる,15
沖縄,15
民度,15
予習,15
なので,15
心拍,15
左腕,15
花火,15
向かい,15
嫌う,15
収まる,15
プレ,15
子安,15
ダメージ,15
電子,15
ころ,15
戦争,15
いれる,15
うーむ,15
オフ,15
ホテル,15
ちんぽ,15
どす,15
呑む,15
ショートカット,15
投げる,15
みりん,15
いらっしゃる,15
難点,15
東京工業大学,15
お年玉,15
モード,15
さくら,15
きん,15
公開,15
戒め,15
控える,15
通す,15
大会,15
溜める,15
増す,15
シカト,15
対応,15
名古屋,15
障子,15
学籍,15
あらう,15
ピストン,15
管弦,15
フク,15
決意,15
不具合,15
完成,15
兄さん,15
サイド,15
高尾山,15
感度,15
ふと,15
ちょろい,15
時刻,15
清楚,15
燃料,15
美味,15
覚醒,15
気に入る,15
まさに,15
コピー,15
空き,15
中学生,15
浮く,15
削れる,15
とつ,15
ジャンプ,15
許せる,15
年越し,15
っぷり,15
カツラ,15
告白,15
冷凍,15
なみ,15
こえる,15
犯す,15
導入,15
近づく,15
ベランダ,15
がんばれる,15
まさき,15
泥酔,15
大切,15
上手,15
食い,15
同級生,14
歯磨き,14
リスニング,14
行為,14
コンチェルト,14
別れる,14
熱中,14
寝不足,14
吉村,14
脚本,14
漏れ,14
おぉ,14
終盤,14
中本,14
くせ,14
ねれる,14
仲良く,14
たべる,14
安眠,14
番組,14
学ぶ,14
動揺,14
きが,14
相性,14
辞書,14
追試,14
免許,14
切実,14
もったいない,14
悩む,14
非公式,14
デング熱,14
羽毛,14
あかん,14
関連,14
たんか,14
カメラ,14
漁り,14
へぇ,14
トリオ,14
Tシャツ,14
見直す,14
スキル,14
ストレッチ,14
冷める,14
えな,14
受け取る,14
ひとり,14
約束,14
狂乱,14
非常識,14
チキン,14
そん,14
オルガン,14
受かる,14
閃く,14
遊園,14
取得,14
吉祥寺,14
信号,14
自身,14
シャツ,14
苦痛,14
小杉,14
図書,14
サム,14
許可,14
睡魔,14
へっ,14
ありえる,14
別格,14
かこう,14
腐る,14
だって,14
川崎,14
設計,14
上着,14
片手,14
そこねる,14
地球,14
おすすめ,14
戦い,14
天井,14
温泉,14
いざ,14
地獄,14
焼き,14
切符,14
和音,14
海苔,14
勘弁,14
逃避,14
英文,14
向く,14
冷やす,14
点く,14
踊る,14
違える,14
わるい,14
しっかり,14
すむ,14
恵比寿,14
よお,14
紛らわしい,14
親指,14
種類,14
使命,14
通帳,14
おと,14
ボロい,14
ポスター,14
原因,14
どー,14
殺意,14
くさい,14
配布,14
移る,14
ドキドキ,14
就職,14
くら,14
お互い,14
錯覚,14
もも,14
博士,14
アルペン,14
羅針盤,14
抑える,14
提督,14
天ぷら,14
ヤマケン,14
ぼーっと,14
古い,14
昼間,14
幸福,14
逝く,14
どうやら,14
おもい,14
禁止,14
予約,14
悪化,14
うそ,14
優先,14
筆箱,14
喜び,14
戦う,14
乗り継ぎ,14
とい,14
移す,14
限り,13
ふん,13
片方,13
指定,13
便乗,13
おば,13
ガリ,13
禁断症状,13
分析,13
関わる,13
逃れる,13
うめる,13
済ませる,13
激痛,13
タクシー,13
はぐれる,13
なつ,13
太もも,13
条件,13
複数,13
羨ましい,13
妨害,13
補講,13
ただし,13
おばさん,13
不良,13
室内楽,13
とっさ,13
編集,13
描く,13
減らす,13
錬る,13
運動,13
与える,13
ふむ,13
きのこ,13
はあ,13
足首,13
夏バテ,13
メーカー,13
ソープ,13
しかける,13
長時間,13
男性,13
現在,13
教わる,13
井の頭線,13
一部,13
人組,13
意外,13
とまる,13
うえる,13
素敵,13
右腕,13
左目,13
独り,13
ソース,13
靴下,13
上げ,13
笑顔,13
ゴール,13
トリル,13
悶える,13
復習,13
強引,13
しま,13
刺さる,13
貰える,13
抵抗,13
うさ,13
返却,13
出会う,13
くらう,13
ことごとく,13
療養,13
七夕,13
ダブル,13
持ち込み,13
寝癖,13
ブーム,13
堕ちる,13
目白,13
威圧,13
分かれる,13
ローソン,13
跳躍,13
水樹,13
考察,13
生産,13
オーボエ,13
いまいち,13
入場,13
きり,13
フラ,13
ツール,13
テーマ,13
グリーン,13
敷く,13
抱える,13
通じる,13
朝っぱら,13
トラック,13
満員,13
一方,13
はう,13
オイル,13
離脱,13
びびる,13
下さる,13
八王子,13
シャンプー,13
いってん,13
青春,13
カップル,13
買い物,13
劣化,13
昨日今日,13
愛す,13
暮らし,13
対策,13
加える,13
アンケート,13
何とも,13
不便,13
園遊会,13
リンク,13
得意,13
契約,13
弦楽,13
始発,13
解析,13
持ち,13
しよう,13
マーク,13
乗り過ごす,13
同人,13
守る,13
口笛,13
幻聴,13
あさひ,13
兼松,13
マジック,13
疑問,13
毎度,13
必修,13
木戸,13
妊娠,13
ここら,13
嫉妬,12
紳士,12
ヒロイン,12
うま,12
プレゼント,12
トリガー,12
ペダル,12
ファッション,12
無し,12
特典,12
スペル,12
ちっちゃい,12
静寂,12
祝典,12
さかえる,12
ランキング,12
スポーツ,12
強いる,12
パーティー,12
僻地,12
義理,12
拾う,12
性感,12
結婚式,12
爆発,12
こんにちは,12
池袋,12
方法,12
マイナス,12
出川,12
てつ,12
不覚,12
表す,12
シート,12
エレベータ,12
背徳,12
電卓,12
本能,12
祝日,12
いやー,12
本編,12
へえ,12
ぶっこ,12
ガル,12
弁当,12
メロン,12
利用,12
静岡,12
寝言,12
遺憾,12
激辛,12
まんま,12
なにか,12
沙耶,12
トー,12
郵便,12
追加,12
販売,12
中高生,12
数える,12
向こう,12
おさまる,12
法則,12
室温,12
におい,12
奢る,12
井の頭,12
炒める,12
締める,12
誇り,12
ぬくぬく,12
なおす,12
衰える,12
だが,12
加速,12
係数,12
コンパイル,12
罪悪,12
専門,12
しゃべる,12
恨む,12
おし,12
手ぶら,12
喧嘩,12
ヤマ,12
論文,12
継続,12
ゴミ箱,12
呪う,12
戦艦,12
レイプ,12
不可避,12
降り,12
ちか,12
常識,12
風評,12
効率,12
ずれる,12
以前,12
労働,12
右目,12
放棄,12
迷子,12
回転,12
何かしら,12
堪能,12
投稿,12
倒れ込む,12
オートマトン,12
めし,12
音声,12
発音,12
野球,12
番目,12
やすむ,12
熱海,12
重要,12
パイ,12
付き合う,12
担任,12
いたす,12
日差し,12
投票,12
疑う,12
かっこ,12
寝かせる,12
管弦楽,12
分ける,12
ロード,12
あったまる,12
のど,12
スト,12
保護,12
見よい,12
ハゲ,12
ベッド,12
食堂,12
無理やり,12
描写,12
ラス,12
芸人,12
全角,12
同意,12
外せる,12
探索,12
ばれる,12
あい,12
掴む,12
京王,12
覚悟,12
唯一,12
たこ,12
合コン,12
舞台,12
いぬ,12
ボー,12
高音,12
カット,12
パワー,12
歓喜,12
向ける,12
限定,12
囲む,12
迎える,12
チャージ,12
しょ,12
おす,12
猫背,12
本日,12
抽選,12
痛める,12
焼肉,12
本棚,12
アッツ,12
合奏,12
付ける,12
京都,12
汚染,12
かな,12
硬い,12
ヘッド,12
顔面,12
快速,12
ゴルフ,11
攻め,11
画質,11
見習う,11
牛乳,11
隠れる,11
勝負,11
熱唱,11
困惑,11
ねこ,11
でく,11
稼げる,11
売れる,11
麻衣,11
不調,11
ボーカル,11
憂鬱,11
付け,11
容量,11
向け,11
温まる,11
限界,11
パッ,11
ソナタ,11
待たす,11
チューバ,11
披露,11
のる,11
組む,11
がち,11
キン,11
要素,11
剣舞,11
ゴシック,11
帰還,11
日本人,11
なでる,11
地図,11
交響曲,11
小説,11
左足,11
原理,11
人類,11
木星,11
めがね,11
分間,11
リード,11
豪華,11
提案,11
めす,11
病む,11
帽子,11
留学,11
回し,11
りんご,11
抽出,11
受け入れる,11
うける,11
居心地,11
大半,11
残高,11
是非,11
暮らす,11
剥く,11
組曲,11
中毒,11
スパムメール,11
はやる,11
古典,11
境界,11
我が,11
複雑,11
菓子,11
たぶん,11
サイン,11
もっか,11
テン,11
コース,11
いえる,11
いてる,11
来れる,11
イラ,11
回数,11
シコ,11
グロ,11
意見,11
天才,11
アクシデント,11
スマ,11
発熱,11
付く,11
共学,11
ディベート,11
アルファ,11
よっぽど,11
ドビュッシー,11
業者,11
ぶつ,11
修羅場,11
美人,11
開演,11
ゆかり,11
白い,11
こぼす,11
不毛,11
一度,11
禁酒,11
尻尾,11
少年,11
リセット,11
わあ,11
鬼哭,11
オッサン,11
パンツ,11
事務,11
二度と,11
台詞,11
飛び込む,11
変わり目,11
おごる,11
魔力,11
コープ,11
応援,11
離す,11
指導,11
停車,11
登る,11
焼ける,11
テキ,11
残す,11
まぜる,11
遺体,11
美しい,11
謝る,11
酔っぱらい,11
乱れる,11
さらう,11
なく,11
なつかしい,11
連休,11
参加,11
新幹線,11
むら,11
演技,11
まるい,11
性欲,11
現れる,11
ショップ,11
のら,11
固い,11
至る,11
ひきこもる,11
答案,11
端子,11
ホワイト,11
せめて,11
カニ,11
かも,11
気質,11
本当,11
商品,11
冴える,11
国語,11
アメリカ,11
デビュー,11
快感,11
繋がり,11
歓迎,11
結論,11
文明開化,11
ことし,11
こらえる,11
名曲,11
校内,11
手続き,11
パー,11
数理,11
左右,11
むかつく,11
基準,11
認定,11
早速,10
背負う,10
ウエスト,10
狂おしい,10
素数,10
けた,10
願望,10
吐き気,10
破る,10
住所,10
尽きる,10
タスク,10
代官山,10
セーフ,10
クリスタル,10
飲食,10
コンボ,10
暴力,10
開放,10
エン,10
地下,10
音符,10
平気,10
いやらしい,10
揺れ,10
細かい,10
乱れ,10
刻む,10
しいる,10
セロテープ,10
すだつ,10
教養,10
出現,10
予報,10
深雪,10
つり,10
乗換,10
銀行,10
絶妙,10
月子,10
エアコン,10
開店,10
出来,10
根菜,10
単純,10
マッサージ,10
反動,10
恨み,10
ジャンル,10
ログ,10
なるべく,10
生徒,10
摂取,10
しねる,10
節約,10
コンセント,10
販促,10
用紙,10
くるう,10
すっかり,10
並み,10
ホット,10
クマ,10
あ〜,10
攻める,10
ハイスクール,10
だい,10
一時,10
短時間,10
わざと,10
満点,10
気管,10
制御,10
邪念,10
ガバガバ,10
景色,10
始め,10
かじかむ,10
ドラム,10
ツボ,10
さやか,10
多摩,10
アルゴリズム,10
やす,10
オブジェクト,10
高級,10
早稲田,10
新聞,10
バグ,10
娯楽,10
丁寧,10
強打,10
信者,10
曖昧,10
ニュース,10
つまる,10
ぴったり,10
順番,10
月曜日,10
足す,10
黒板,10
無視,10
取り戻す,10
まれ,10
川柳,10
いし,10
どなた,10
賢者,10
支障,10
まとめ,10
コラール,10
歌える,10
煽り,10
揃う,10
寿命,10
入試,10
中断,10
店長,10
筆記用具,10
めんどう,10
運命,10
現状,10
外国,10
シリーズ,10
ロス,10
曇る,10
半音,10
破片,10
ハーレム,10
冷気,10
開き,10
朦朧,10
池尻,10
熱気,10
大破,10
大して,10
はっきり,10
薬物,10
うえ,10
管楽器,10
欲求,10
空ける,10
固まる,10
強弱,10
ナイス,10
房子,10
水銀,10
余韻,10
食後,10
専攻,10
マイケル,10
パスタ,10
夢みる,10
早口,10
萌える,10
経過,10
江ノ島,10
名言,10
ブリッジ,10
覚ます,10
訳す,10
補給,10
ぷんぷん,10
てこ,10
熱情,10
らく,10
乗せる,10
覇権,10
単に,10
国際,10
洗浄液,10
なつい,10
トラウマ,10
攻略,10
文字数,10
縛る,10
購入,10
ポッキー,10
通過,10
蒸し暑い,10
溶かす,10
ティー,10
詳細,10
ハードル,10
広がる,10
好む,10
バージョン,10
最適,10
予備,10
分岐,10
シリアス,10
アタック,10
風潮,10
うろ,10
強まる,10
コンパイラ,10
マーラー,10
セミ,9
何者,9
翌日,9
追える,9
退室,9
轟沈,9
開発,9
漏れる,9
ワルツ,9
吹っ飛ぶ,9
監督,9
好く,9
オレンジ,9
身の回り,9
囚われる,9
出口,9
なんにも,9
ガラガラ,9
企画,9
矛盾,9
ハリー,9
オリジナル,9
半角,9
ぶす,9
まとまる,9
チャーハン,9
手持ち,9
ネクター,9
配置,9
調節,9
婦警,9
ハガキ,9
バッグ,9
なんだか,9
無双,9
形式,9
ブルブル,9
眠れる,9
構造,9
ひゃー,9
天国,9
企業,9
こめる,9
傑作,9
かい,9
バイバイ,9
内緒,9
昼休み,9
プレミア,9
裏切る,9
寒気,9
モデル,9
エンターテイメント,9
語学,9
モンスター,9
人出,9
おかけ,9
してやる,9
買い出し,9
だく,9
溺れる,9
撮影,9
ニュー,9
日々,9
暗黒,9
犬島,9
一貫,9
醤油,9
とら,9
割り,9
そらす,9
表紙,9
もげる,9
リモコン,9
コール,9
水木,9
専用,9
出演,9
都市,9
中原,9
起き上がる,9
花見,9
ほん,9
ソフト,9
まう,9
東山,9
三昧,9
バーンスタイン,9
たんと,9
無くなる,9
ピンク,9
始まり,9
おかす,9
チャンネル,9
いやいや,9
眼精疲労,9
瀬谷,9
凝る,9
昼食,9
くじ,9
変数,9
あっという間,9
認める,9
日比谷線,9
作画,9
黒い,9
必ず,9
目指す,9
咲く,9
劣等,9
お花畑,9
資材,9
締め切り,9
語尾,9
たれる,9
うた,9
放題,9
あくび,9
年度,9
ごっちゃ,9
本当は,9
別物,9
マンゴー,9
沈む,9
豊か,9
カノン,9
少なくとも,9
スリ,9
回り,9
数字,9
発す,9
立場,9
初日,9
会館,9
恐ろしい,9
生成,9
運ぶ,9
おおい,9
配達,9
穿く,9
そら,9
志賀高原,9
こっそり,9
狙い,9
俳人,9
もしか,9
区間,9
売り切れる,9
セクシー,9
ニキ,9
師匠,9
飽く,9
ぶつかる,9
兄弟,9
スターウォーズ,9
機嫌,9
一家,9
思い浮かべる,9
凍える,9
おや,9
熟睡,9
てく,9
衛生,9
カー,9
定理,9
甲府,9
リー,9
緊急,9
意図,9
いわし,9
パスワード,9
サラリーマン,9
受け,9
感触,9
多幸,9
ソファー,9
捧げる,9
さっぱり,9
病気,9
その他,9
晩酌,9
プラチナ,9
ボックス,9
破産,9
誤解,9
スピード,9
迷い,9
錯乱,9
犯人,9
櫻子,9
揃える,9
詰め込む,9
ハリケーン,9
要約,9
当初,9
染める,9
テラ,9
考え,9
語呂,9
驚く,9
圧力,9
オリンピック,9
対象,9
おんなじ,9
向井,9
ロリコン,9
推定,9
わらえる,9
停電,9
喰う,9
圏内,9
コルク,9
女優,9
聞き取れる,9
過剰,9
ついていける,9
統計,9
反則,9
予め,9
壁紙,9
サブ,9
和菓子,9
目線,9
ペース,9
力学,9
載せる,9
半端,9
ぶらぶら,9
さめる,9
たけ,9
貢ぐ,9
ハイドン,9
フリーズ,9
投げ捨てる,9
医者,9
全滅,9
チェロ,9
推奨,9
富士山,9
アカメ,9
以下,9
緑川,9
ラン,9
合格,9
ほら,9
あーあ,9
段階,9
品川,9
嘔吐,9
救い,9
ニトロ,9
平和,9
心地,9
おまえ,9
安全,9
家行,8
用語,8
奇跡,8
ヴィオラ,8
はぎの,8
箇所,8
高度,8
親父,8
五月,8
混雑,8
相談,8
感性,8
スティック,8
神経,8
クロス,8
沼津,8
山岳,8
憤怒,8
目当て,8
美希,8
あえて,8
歩ける,8
ずる,8
登戸,8
柔らかい,8
語る,8
スイッチ,8
琴浦,8
髪の毛,8
拷問,8
構内,8
ミルク,8
訂正,8
そそる,8
教員,8
インド,8
記号,8
ちい,8
頻繁,8
待合室,8
思想,8
付属,8
火曜日,8
いらう,8
イガイ,8
つかう,8
建物,8
あっさり,8
咆哮,8
抜かす,8
ボディ,8
山野,8
デバイス,8
いじめ,8
安物,8
読み直す,8
分量,8
反射,8
方程式,8
かけ,8
何処,8
オーバー,8
千里眼,8
文句,8
まし,8
注ぐ,8
対抗,8
コーナー,8
仕舞う,8
脱げる,8
ガンガン,8
ボール,8
地雷,8
ふたなり,8
広場,8
肉体,8
イチ,8
らい,8
チャック,8
男女,8
ガード,8
脱水,8
発射,8
思いのほか,8
カレンダー,8
請求,8
のち,8
客席,8
石田,8
魔女,8
そわる,8
体感,8
クロ,8
釣る,8
あかり,8
堕落,8
楽屋,8
生まれ,8
マンボウ,8
たまう,8
入門,8
歩道,8
高速,8
速報,8
むける,8
寄り,8
仲良い,8
うに,8
横須賀,8
カタカナ,8
松本,8
無意味,8
度数,8
勧誘,8
残額,8
ぴったし,8
地区,8
もうす,8
いじける,8
湯田,8
以内,8
ゆとり,8
分身,8
売り場,8
本館,8
乗車,8
バナナ,8
しょうもない,8
まどか,8
る説,8
より,8
ハチ公,8
ありがたい,8
戦闘,8
判定,8
負担,8
たか,8
しゃあない,8
パス,8
あんなに,8
サウンド,8
味わう,8
ピース,8
バカバカしい,8
次回,8
誤魔化す,8
梅雨,8
隔離,8
検査,8
呪い,8
展覧,8
真紅,8
女装,8
フード,8
本来,8
始めて,8
片道,8
今頃,8
つかめる,8
稼ぎ,8
揚げ,8
学園,8
いかに,8
調教,8
ヘン,8
性的,8
リプライ,8
りす,8
知能,8
すだち,8
当然,8
ラフマニノフ,8
ぬるい,8
定食,8
エラー,8
息子,8
サーバ,8
誘う,8
考え方,8
ホイホイ,8
尋常,8
溝の口,8
エンパイア,8
座り,8
溶ける,8
裏表,8
花澤,8
奈央,8
気配,8
小銭,8
ローション,8
さし,8
中華,8
採点,8
勧める,8
本屋,8
得点,8
っきり,8
あれー,8
めい,8
サンタ,8
読み,8
すずしい,8
荒らす,8
出ろ,8
真似,8
お知らせ,8
司会,8
分割,8
強化,8
確信,8
いびき,8
ダウンロード,8
海外,8
大体,8
浪人,8
厚い,8
ムラムラ,8
一致,8
合間,8
昼夜,8
メガネ,8
突如,8
監禁,8
シャー,8
発泡,8
拾得,8
騎士,8
しき,8
訴える,8
指す,8
じいさん,8
体質,8
込む,8
しみる,8
したう,8
余震,8
ダム,8
おこ,8
あっち,8
ひま,8
カフェ,8
汎用,8
早漏,8
まみれ,8
連れる,8
換金,8
返事,8
まちがえる,8
素人,8
老ける,8
競技,8
ティンパニ,8
マス,8
サラダ油,8
年下,8
バッテリー,8
不快,8
ダーク,8
揉む,8
一斉,8
はめ,8
浮気,8
やあ,8
ワーク,8
あっと,8
開催,8
調査,8
たしかに,8
ダンボール,8
木曜日,8
芸術,8
いじめる,8
小田急,8
清掃,8
合わせ,8
玄関,8
減点,8
有給,8
染みる,8
立川,8
息切れ,8
苗字,8
貴族,8
親戚,8
死刑,8
提示,8
紅白,8
振り向く,8
めちゃくちゃ,8
アレンジ,8
かん,8
機関,8
フィギュア,8
傾向,8
田中,8
留学生,8
艦隊,8
挑戦,8
チラシ,8
大きな,8
幽霊,8
ビデオ,8
さあ,8
おさらば,8
どうしても,8
戦慄,8
らち,8
あたる,8
昨晩,8
掲示板,8
読み込める,8
げん,8
著しい,8
づく,8
よって,8
背景,8
ぶちまける,7
まき,7
おっしゃる,7
手袋,7
不眠症,7
濁る,7
おり,7
ネーム,7
何より,7
地下鉄,7
謙信,7
タオル,7
クッキー,7
焼きそば,7
アイドル,7
高尾,7
洗脳,7
いっか,7
気圧,7
理想,7
かさん,7
暴走,7
お待ち,7
あれれ,7
量産,7
圧縮,7
合戦,7
幼稚園,7
丸い,7
中止,7
才能,7
ぶち,7
きゃー,7
試行,7
退る,7
気が付く,7
新た,7
中和,7
パンフ,7
ハブ,7
ミラノ,7
泣き,7
ブランク,7
全般,7
有能,7
領域,7
教育,7
届け,7
年末,7
鎮守,7
毛布,7
睨む,7
次に,7
蘇る,7
観光,7
正月,7
向日葵,7
一見,7
エリア,7
去る,7
飢える,7
ひざ,7
全額,7
ペンギン,7
越す,7
練り,7
シュミット,7
無線,7
ジレンマ,7
視線,7
ジャン,7
潜在,7
定評,7
めくる,7
ハッシュ,7
いちご,7
非公開,7
音頭,7
引き継ぐ,7
試し,7
前提,7
かす,7
不自然,7
返せる,7
ビル,7
家庭,7
宗教,7
別荘,7
放浪,7
吸血鬼,7
皆様,7
きつね,7
探偵,7
王女,7
体温,7
舌打ち,7
拒否,7
きっかけ,7
なつく,7
洗浄,7
関内,7
サイズ,7
アップデート,7
さげる,7
待った,7
担当,7
地元,7
ノロ,7
届ける,7
合同,7
学位,7
隣る,7
ちと,7
シュール,7
ハイランド,7
タダ,7
思ふ,7
パイナップル,7
嫌がらせ,7
差す,7
リーマン,7
まく,7
国分寺,7
モーニング,7
タメ,7
自業自得,7
振り込む,7
小生,7
絡み,7
ダル,7
どる,7
林檎,7
指向,7
ガラス,7
逆転,7
ファ,7
オート,7
必然,7
取り消し,7
ログアウト,7
生える,7
巨人,7
ダラダラ,7
たとえ,7
偽物,7
機種,7
煙草,7
不在,7
奴ら,7
ハラ,7
ワイシャツ,7
聞ける,7
ぜんぶ,7
パラダイス,7
読書,7
さよなら,7
何もかも,7
滞在,7
呼吸,7
愛しい,7
割れ,7
事態,7
労力,7
市民,7
刺し身,7
応答,7
持ち帰る,7
香り,7
返答,7
縮む,7
片思い,7
苦しめる,7
選挙,7
梱包,7
アナ,7
滅ぼす,7
復帰,7
価格,7
戻れる,7
くらい,7
きめる,7
映像,7
宿題,7
美少女,7
前髪,7
ドレスデン,7
定義,7
コメ,7
にんにく,7
シンバル,7
専属,7
動物,7
時空,7
早々,7
読み返す,7
共感,7
出勤,7
放映,7
宣言,7
最も,7
視力,7
ベスト,7
かよ,7
蕎麦,7
恋しい,7
面倒い,7
配列,7
決して,7
マイナー,7
やく,7
少し,7
アダルト,7
モー,7
うなぎ,7
不謹慎,7
まぶた,7
境地,7
構う,7
マツコ,7
東府中,7
亡くなる,7
トランジスタ,7
かぶれ,7
慌てる,7
何気ない,7
フリ,7
都会,7
警戒,7
酔っ払う,7
素材,7
慢性,7
岡谷,7
切羽詰まる,7
タンゴ,7
あり,7
つむ,7
リス,7
こく,7
真っ赤,7
自覚,7
合唱,7
大崎,7
取り出す,7
たなばた,7
苦労,7
千葉,7
住民,7
一時期,7
やり方,7
大仏,7
両手,7
叩き,7
挿入,7
久々,7
ポスト,7
叱る,7
学内,7
練る,7
ライス,7
閉店,7
酷使,7
銀河,7
刺激,7
フィンガー,7
戦国,7
金髪,7
交渉,7
つき,7
やめ,7
湿度,7
転ぶ,7
まっ,7
到る,7
奇行,7
改訂,7
恋人,7
人少な,7
そる,7
ありゃ,7
寝顔,7
ろうと,7
マラソン,7
下ろす,7
張り付く,7
解禁,7
黒船,7
きっと,7
言い方,7
手紙,7
特別,7
治癒,7
学業,7
カップリング,7
努力,7
すでに,7
補完,7
おいおい,7
任務,7
かっこよさ,7
ソリスト,7
握る,7
かわる,7
バロック,7
用事,7
低まる,7
跡部,7
まり,7
やさしい,7
拒絶,7
線上,7
過激,7
両親,7
日帰り,7
心理,7
避難,7
出血,7
訓練,7
抹茶,7
満喫,7
そしたら,7
ようやく,7
表情,7
くっつく,7
半額,7
この世,7
混乱,7
食事,7
お世話,7
ちとせ,7
こなす,7
ナス,7
もしくは,7
とう,7
踊り,7
キング,7
習う,7
たっぷり,7
有頂天,7
深刻,7
上限,7
物故,7
坊主,7
スター,7
しょっぱい,7
眠る,7
うろ覚え,7
スキップ,7
客引き,7
卑猥,7
メイド,7
対面,7
ぶちこむ,7
爆死,7
登場,7
記録,7
ホコリ,7
念じる,7
ヤク,7
むせび泣く,7
顧問,7
昼過ぎ,7
はん,7
水曜日,7
幸い,7
藤沢,7
固定,7
喜ぶ,7
それぞれ,7
低下,7
極小,7
女神,7
植物,7
切り忘れる,7
お陰,7
統一,7
スタンス,7
おだ,7
前後,7
バリバリ,7
ぎょ,7
履歴,7
直球,7
エッチ,7
遠慮,7
寄りかかる,7
作動,7
下半身,7
替え,7
セリフ,7
無知,7
爆弾,7
消耗,7
空母,7
ゾーン,7
計る,7
学習,7
保つ,7
メニュー,7
数少ない,6
呆れる,6
耳元,6
ばり,6
気味,6
霧ヶ峰,6
ぬく,6
出力,6
リップ,6
王子,6
ちょん,6
かたまる,6
カビ,6
引っ張る,6
ビッグ,6
ハロ,6
セクション,6
案内,6
くちる,6
それで,6
試す,6
洗足,6
ハープ,6
戦術,6
ダサい,6
玄米,6
年上,6
目覚め,6
冊子,6
二俣,6
真理,6
プロフィール,6
いらいら,6
都心,6
達成,6
略称,6
人工,6
濡れ,6
キチ,6
受粉,6
レッド,6
高まり,6
蛇口,6
鳥肌,6
つながる,6
本体,6
似合う,6
信用,6
ピックアップ,6
とり,6
チャンス,6
増税,6
いくらでも,6
戦法,6
フタ,6
一種,6
イス,6
長調,6
金管楽器,6
からい,6
雑魚,6
わあわあ,6
そうですね,6
では,6
足元,6
順位,6
オー,6
規模,6
茹でる,6
銚子,6
教材,6
視界,6
よむ,6
泊り,6
背筋,6
もぐもぐ,6
総合,6
持てる,6
好感,6
パイプ,6
目標,6
辛み,6
下せる,6
アクセス,6
争う,6
スタッフ,6
工学,6
一旦,6
曲る,6
新鮮,6
王国,6
宅内,6
一体,6
完結,6
いわゆる,6
パッド,6
慶應義塾,6
吐き出す,6
賞味,6
一挙,6
足腰,6
改造,6
ロスト,6
事情,6
まずは,6
適応,6
盗む,6
修行,6
歩む,6
リーダー,6
アウト,6
暗示,6
しめる,6
謙虚,6
強調,6
狩り,6
こんにちわ,6
受付,6
迫る,6
おける,6
金属,6
酸素,6
被せる,6
解散,6
すごす,6
明ける,6
お嬢様,6
楽園,6
快楽,6
ドリル,6
夢見,6
きれい,6
装甲,6
コツ,6
手出し,6
ざす,6
爽やか,6
クリック,6
真っ先,6
蒸す,6
あさる,6
とおい,6
店舗,6
ランチ,6
華麗,6
嫌がる,6
早死,6
ちら,6
菊名,6
サンプル,6
結ぶ,6
分野,6
帰り道,6
いかる,6
衰え,6
作成,6
予告,6
当て,6
量子,6
大木,6
けす,6
チェックイン,6
極限,6
マイク,6
異臭,6
押し付ける,6
操る,6
マップ,6
クレーム,6
大陸,6
死角,6
焼酎,6
すず,6
一人暮らし,6
解釈,6
触手,6
納豆,6
ごとし,6
体操,6
パンパン,6
冗談,6
つなげる,6
線路,6
慢心,6
片目,6
太陽,6
スカイ,6
ブルー,6
活躍,6
承認,6
すずかけ台,6
大分,6
男の子,6
クリーム,6
チェンジ,6
水道,6
受験生,6
考え事,6
ヒット,6
弦楽器,6
やり直し,6
心がける,6
教祖,6
悪魔,6
親近,6
きょう,6
吸い取る,6
産卵,6
短冊,6
使い切る,6
感慨,6
金曜日,6
いかにも,6
外部,6
サムシング,6
真っ,6
未定,6
震災,6
涼む,6
輪姦,6
ワクワク,6
上がり,6
諭吉,6
端っこ,6
処刑,6
性別,6
傷つく,6
修学旅行,6
接着,6
驚き,6
在宅,6
達磨,6
股間,6
衝突,6
ひたすら,6
観察,6
伏線,6
倒せる,6
可哀想,6
吹き出す,6
釣り,6
陥る,6
対話,6
浸る,6
突き刺さる,6
悶絶,6
情熱,6
主張,6
責める,6
ぐる,6
卑近,6
外見,6
使い物,6
破綻,6
かや,6
モス,6
信頼,6
シール,6
織田,6
しゃぶしゃぶ,6
朝帰り,6
混同,6
号館,6
来世,6
ほほ,6
会見,6
聖水,6
エンド,6
合成,6
出願,6
ぬる,6
責任,6
プラス,6
切り替え,6
ワード,6
社畜,6
潜伏,6
エンジェル,6
ファイアー,6
動悸,6
アピール,6
ナッシング,6
メッセージ,6
エコー,6
武道館,6
エビ,6
真夏,6
炎上,6
はめる,6
たって,6
回送,6
相棒,6
出来事,6
悩み,6
ショー,6
加工,6
黙る,6
流せる,6
ブラジャー,6
制作,6
採用,6
ポチ,6
検討,6
よこす,6
トマト,6
ども,6
グラフ,6
凍る,6
海老,6
示す,6
スキー,6
一気,6
冷凍庫,6
奏法,6
容赦,6
コントロール,6
産廃,6
えーと,6
ハート,6
実行,6
突く,6
ロッカー,6
山ノ内,6
よろしい,6
はまる,6
こいし,6
レンジ,6
路線,6
クーポン,6
本質,6
不適合,6
設置,6
戦略,6
大造,6
入れ替わり,6
なら,6
微分,6
親友,6
爽快,6
加藤,6
田園,6
ナイト,6
サンクス,6
ぜひ,6
小声,6
おせる,6
視点,6
つまんない,6
スカ,6
感染,6
罵る,6
おとなしい,6
トラ,6
タン,6
今時,6
きこえる,6
杉並,6
名乗る,6
あいだ,6
寝間着,6
貴重,6
年末年始,6
見守る,6
屈辱,6
貧乏神,6
ウコン,6
絡める,6
自慢,6
テーブル,6
のける,6
昨年,6
淫乱,6
祝い,6
チューナー,6
加湿,6
大晦日,6
プリンタ,6
おみやげ,6
人達,6
遠く,6
人物,6
ストック,6
団体,6
おやすみ,6
祭る,6
しっくり,6
兄ちゃん,6
紅茶,6
冷や汗,6
凍結,6
事後,6
当てはまる,6
字数,6
リキュール,6
わな,6
古風,6
口癖,6
差し上げる,6
良心,6
気軽,6
手間,6
ソーダ,6
しらむ,6
一人称,6
整える,6
使用,6
選手,6
ペン,6
初夢,6
恵む,6
悔い改める,6
再燃,6
暴れる,6
素面,6
通し,6
そいつ,6
来日,6
一括,6
態度,6
社員,6
カラヤン,6
貯める,6
温かい,6
バラ,6
省略,6
オーラ,6
きたない,6
山梨,6
指摘,6
どこら,6
暗記,6
おしえる,6
アドリブ,6
ウィスキー,6
断末魔,6
姉妹,6
グレート,6
かゆみ,6
曲がる,6
試合,6
飲酒,6
話せる,6
高める,6
猛烈,6
叩きつける,6
有効,6
右側,6
直通,6
比較,6
クレジット,6
敏感,6
おにぎり,6
味噌,6
うっする,6
ナンバー,6
いろは,6
回分,6
模試,6
人差し指,6
そびれる,6
初詣,6
かねる,6
家電,6
川越,6
片付け,6
とむ,6
渋い,6
とてつもない,5
込み,5
予備校,5
最小,5
発動,5
スラー,5
写経,5
一段落,5
奥さん,5
ポップス,5
分解,5
ペットボトル,5
悪循環,5
進路,5
人種,5
とっくに,5
登り,5
月食,5
カエル,5
几帳面,5
待ち時間,5
おこし,5
減退,5
アナログ,5
惹く,5
臨時,5
現世,5
掘り返す,5
どもる,5
称号,5
口調,5
会議,5
一眠り,5
過ごせる,5
日光,5
ダウン,5
鳴く,5
滅亡,5
ボイス,5
っ子,5
わかめ,5
異端,5
通り過ぎる,5
錬成,5
パーティ,5
切手,5
しつこい,5
無断,5
ソフトクリーム,5
未遂,5
はがき,5
マッチ,5
客観,5
定まる,5
合体,5
ポテト,5
裏側,5
流行,5
情強,5
風情,5
唐辛子,5
固有,5
見越す,5
注文,5
祝祭,5
ローカル,5
役に立つ,5
ネルソン,5
今夜,5
軽減,5
潜る,5
取り組む,5
二分,5
バイオリン,5
へー,5
野獣,5
建てる,5
メロディ,5
猛火,5
掛ける,5
おーい,5
まくり,5
トム,5
新規,5
鳴き声,5
朝家,5
ぐち,5
魚粉,5
こら,5
渡る,5
やらす,5
果物,5
わが,5
年取る,5
測る,5
珈琲,5
目撃,5
巡回,5
がたい,5
我々,5
一夜漬け,5
舞う,5
序盤,5
進数,5
胃腸,5
読み方,5
成り立つ,5
社交,5
積もる,5
格好,5
来月,5
飲み込む,5
自作,5
ちかい,5
ふーん,5
値上げ,5
ビニール,5
殺気,5
避暑,5
りつ,5
すね,5
サン,5
ワイワイ,5
デー,5
どうこう,5
もろもろ,5
素早い,5
重ねる,5
セルフ,5
みえる,5
明夫,5
おかし,5
仕上げる,5
かさむ,5
校長,5
大月,5
純潔,5
いかんせん,5
審査,5
巻き込む,5
池沼,5
穏やか,5
追い詰める,5
レスキュー,5
若手,5
孤独,5
糖分,5
カナ,5
根源,5
いなす,5
ぱっと,5
豆腐,5
スクウェア,5
テクニック,5
高等,5
アレルギー,5
取り返す,5
あざとい,5
朝練,5
張り,5
切断,5
在庫,5
極める,5
かれこれ,5
ばば,5
後日,5
プロテイン,5
校門,5
フーリエ,5
かおる,5
四肢,5
線香,5
茄子,5
クーラー,5
包丁,5
一定,5
保管,5
見学,5
抽象,5
ノース,5
自力,5
ノーゲーム,5
ポインタ,5
ミュージック,5
日の出,5
独裁,5
キリキリ,5
いつの間に,5
知名度,5
自販機,5
世田谷,5
フレッド,5
用いる,5
麻原,5
毎朝,5
堂々,5
水分,5
ノブ,5
断念,5
直下,5
よほど,5
予期,5
水平,5
くろい,5
必須,5
下車,5
エジプト,5
プレイヤー,5
商店,5
ヒノキ,5
落とし,5
水泳,5
感慨深い,5
微笑,5
一橋大学,5
多め,5
豊富,5
あまりの,5
とらや,5
台無し,5
教訓,5
挙動,5
なのる,5
着任,5
チーム,5
相沢,5
公演,5
一苦労,5
しむ,5
シーキューブ,5
ゾロ,5
空っぽ,5
券売,5
盛る,5
ボード,5
絶える,5
勃起,5
大塚,5
少々,5
ジャ,5
違反,5
剥がす,5
ハズレ,5
みの,5
重大,5
初め,5
ぎん,5
かわり,5
ドット,5
ばいいん,5
ポリシー,5
持ち物,5
理性,5
ミキサー,5
リアルタイム,5
実物,5
換気,5
引き落とす,5
千和,5
ほんの,5
絡み合う,5
木村,5
ボロボロ,5
手段,5
曲名,5
静電気,5
孕む,5
古代,5
暗唱,5
思い入れ,5
任意,5
果たして,5
生々しい,5
身長,5
駆使,5
手書き,5
なげる,5
代数,5
症候群,5
力尽きる,5
弱まる,5
ちょこっと,5
消しゴム,5
置き忘れる,5
学費,5
リタイア,5
救う,5
取り敢えず,5
救急,5
甲斐,5
年賀,5
ターゲット,5
嘘つき,5
暴言,5
時に,5
認証,5
囲う,5
山崎,5
極み,5
痴呆,5
ライト,5
ペナルティ,5
下げ,5
かせる,5
カツ,5
リアリティ,5
宮殿,5
若本,5
カンマ,5
アクメ,5
鳴り,5
知らず,5
張る,5
夏場,5
吹き込む,5
倍音,5
幼馴染,5
ずらす,5
横関,5
ポロシャツ,5
アルク,5
七味,5
年代,5
それなり,5
アイスティー,5
到着,5
歩き疲れる,5
徘徊,5
グラム,5
関節,5
うごける,5
認知,5
拙者,5
入院,5
こじらせる,5
がん,5
物足りない,5
ヒエラルキー,5
変形,5
勝海,5
史上,5
通報,5
タンメン,5
鳴り響く,5
専念,5
知恵,5
転校生,5
回帰,5
前売り,5
泣く泣く,5
ガキ,5
醒める,5
初対面,5
別人,5
人身,5
国内,5
召喚,5
怒り,5
果実,5
切り替える,5
蜘蛛,5
辞す,5
スタンプ,5
尿意,5
ハンター,5
かえって,5
音感,5
淫ら,5
交通,5
ツイン,5
発揮,5
撒く,5
恨めしい,5
文体,5
生きがい,5
果てる,5
バス停,5
家事,5
贅沢,5
意義,5
慚愧,5
みい,5
しょう,5
蒸発,5
文集,5
泥仕合,5
盛り,5
王道,5
浴衣,5
前借り,5
タバコ,5
前田,5
窒息,5
照れる,5
同日,5
初級,5
まむし,5
ディスク,5
放る,5
マニア,5
揺る,5
ちょこちょこ,5
経路,5
止め,5
はっ,5
酒飲み,5
人権,5
裏山,5
地上,5
満ちる,5
銀杏,5
エスカレーター,5
フライ,5
彼方,5
懇親,5
東邦,5
暑苦しい,5
捕捉,5
抹消,5
シャフト,5
視る,5
調律,5
貰い,5
二次会,5
先月,5
無駄遣い,5
まるで,5
忍者,5
イニシエーション,5
膨らむ,5
渾身,5
成立,5
マルチ,5
打てる,5
更かす,5
持ち運び,5
呪縛,5
曲調,5
佐賀,5
来たす,5
悪意,5
全盛期,5
その間,5
永久,5
看病,5
増し,5
とぐ,5
個室,5
願う,5
クリーニング,5
打破,5
アンチ,5
府中,5
海の日,5
鋼鉄,5
つっこむ,5
ロスタイム,5
しし,5
探る,5
特殊,5
別れ,5
オーケストラ,5
退学,5
手遅れ,5
本性,5
謝礼,5
拍子,5
接客,5
頂く,5
あれる,5
廊下,5
どど,5
麻薬,5
生き残る,5
広げる,5
かする,5
文京,5
広まる,5
レンズ,5
すっぽかす,5
分散,5
バックアップ,5
踏まえる,5
三鷹,5
白紙,5
回廊,5
みつかる,5
夜間,5
ウイスキー,5
付け根,5
キャッチボール,5
ノスタルジー,5
飯田橋,5
満月,5
積分,5
あむ,5
所詮,5
少なめ,5
手伝う,5
あわ,5
無縁,5
京浜東北,5
ドリンク,5
敬語,5
鉢合わせ,5
ハンガー,5
サントラ,5
生物,5
眼科,5
数値,5
想い,5
スギ,5
終わらせる,5
恒例,5
快い,5
埼京線,5
プンプン,5
お越し,5
つくる,5
隠せる,5
交代,5
根性,5
きち,5
立ち,5
ワーグナー,5
新作,5
電力,5
催促,5
津軽海峡,5
道具,5
ごく,5
ぶれる,5
関わり,5
そぐ,5
お祝い,5
書き込む,5
ロンドンデリー,5
即興,5
バラード,5
かよう,5
吊る,5
サウナ,5
先々,5
口説く,5
手数料,5
赤ちゃん,5
山登り,5
次々,5
オール,5
聖地,5
横井,5
ずい,5
反映,5
わすれる,5
あだ名,5
アーティスト,5
秋葉原,5
僕ら,5
偽装,5
グッズ,5
バッキンガム,5
進学,5
カッ,5
罰金,5
とある,5
戦士,5
転調,5
書き方,5
あたたかい,5
吹きまくる,5
西小山,5
遊べる,5
語彙,5
改良,5
チック,5
しとる,5
証拠,5
所存,5
決死,5
沿い,5
延期,5
用途,5
同窓会,5
ライ,5
パージ,5
就寝,5
キラー,5
一文字,5
秘密,5
世代,5
ずるい,5
施設,5
属する,5
治療,5
入れ忘れる,5
ジャック,5
見方,5
かためる,5
飽き,5
明大,5
乗り込む,5
セージ,5
演説,5
すいか,5
京急川崎,5
ロマン,5
ゲル,5
カス,5
進化,5
ナンパ,5
推理,5
たてる,5
したら,5
誤操作,5
不幸,5
たかい,5
酔っぱらう,5
可逆,5
かお,5
ゆるゆる,5
隙間風,5
コップ,5
疼く,5
茶々,5
外伝,5
洗面,5
エリート,5
陵辱,5
無言,5
湯船,5
入り口,5
雨宮,5
あぐら,5
日本酒,5
折る,5
メロディー,5
うらやましい,5
田園都市線,5
前奏,4
塗る,4
真っ黒,4
ドラゴン,4
さかな,4
本職,4
丁度,4
持参,4
損する,4
偏る,4
マシン,4
入れ替える,4
浸かる,4
分け,4
質疑,4
しく,4
メンマ,4
潜水,4
相対,4
お菓子,4
ゲシュタルト,4
冶金,4
美女,4
還す,4
悲愴,4
ぼんやり,4
説教,4
強める,4
シンクロ,4
朝飯,4
はな,4
セン,4
武蔵野線,4
空也,4
永福,4
行き来,4
もうすぐ,4
ナイ,4
自虐,4
摩耗,4
機器,4
一月,4
開場,4
すっからかん,4
もむ,4
育つ,4
観客,4
何時,4
居場所,4
回文,4
正座,4
昇天,4
川崎大師,4
見込み,4
たけお,4
演出,4
にらむ,4
からす,4
わん,4
乗り越える,4
辞典,4
フォント,4
排除,4
頭文字,4
我が家,4
感心,4
前世,4
青い,4
だけど,4
にらめっこ,4
付き合い,4
ちよ,4
貯金,4
引っ掛ける,4
列車,4
じゃー,4
ハザード,4
バイオ,4
錬金術,4
兼用,4
悪口,4
デモ,4
心中,4
永劫,4
救出,4
正義,4
復讐,4
代金,4
インターホン,4
臭う,4
行き過ぎる,4
死活,4
若干,4
ぐれる,4
受け取り,4
すき焼き,4
田村,4
不自由,4
雑巾,4
フォーマル,4
ターミナル,4
いやぁ,4
みこ,4
わか,4
無慈悲,4
浪費,4
商売,4
引数,4
没収,4
中る,4
ロフト,4
さよ,4
思いこむ,4
エレキ,4
草原,4
読み取る,4
しぶい,4
はたん,4
輝く,4
まさ,4
モザイク,4
奉仕,4
朝風呂,4
シチュエーション,4
山頂,4
ケタ,4
カノ,4
方眼,4
調和,4
否める,4
おぼえる,4
ペア,4
思念,4
テニス,4
フォト,4
早急,4
挟み込む,4
投資,4
イレブン,4
アマゾン,4
ためらう,4
ポテトチップス,4
一条,4
がめる,4
コンセプト,4
建つ,4
替え歌,4
ちょっとした,4
巡礼,4
営業,4
都内,4
ニュアンス,4
露呈,4
直視,4
持ち替える,4
締まる,4
支給,4
真ん中,4
行き帰り,4
燃焼,4
頓挫,4
巻く,4
鎖骨,4
中古,4
おそい,4
念入り,4
怠る,4
高田馬場,4
老人,4
武蔵小金井,4
血液,4
絵文字,4
ネム,4
金欠,4
部員,4
ひだ,4
高専,4
化工,4
大宮,4
長期,4
利点,4
はらむ,4
行方,4
得する,4
ゴリラ,4
東海道,4
ダシ,4
便座,4
昨夜,4
嵌る,4
似顔絵,4
アラブ,4
ショート,4
伊藤,4
さっと,4
声帯,4
現場,4
革靴,4
リフレッシュ,4
くし,4
シングル,4
コスモ,4
括弧,4
よいしょ,4
続編,4
焼き鳥,4
インパクト,4
資金,4
こぐ,4
交わる,4
望む,4
安易,4
仕入れる,4
黒髪,4
長らく,4
私立,4
周回,4
通勤,4
オナニー,4
中野,4
失格,4
ランドセル,4
絶滅,4
みゆき,4
キリ,4
イッキ,4
アブサン,4
コロッケ,4
惨状,4
こわす,4
移入,4
需要,4
ひな壇,4
ばく,4
受講,4
開き直る,4
キャスター,4
離散,4
むかう,4
バースト,4
破れる,4
つぶ,4
癒える,4
惑わす,4
いらっしゃい,4
発症,4
取り込み,4
来す,4
スタート,4
とばす,4
うまく,4
こする,4
立ち上がれる,4
濃厚,4
潰せる,4
もう一度,4
定時,4
動作,4
無為,4
背中,4
かかん,4
テンプ,4
くるまる,4
だせる,4
カム,4
フィナーレ,4
重力,4
ばん,4
収集,4
たかる,4
ダニー,4
ベルト,4
後楽園,4
競馬,4
泣かせる,4
ビラ,4
比較的,4
おじ,4
忘却,4
真夜中,4
申し込み,4
語録,4
輪講,4
ガール,4
県民,4
程遠い,4
青年,4
名手,4
フレッシュ,4
保険,4
一郎,4
しゃぶる,4
はげしい,4
忘れかける,4
名字,4
楽団,4
お化け,4
モーツァルト,4
下高井,4
ぶどう,4
転送,4
招待,4
コケ,4
至高,4
ほれる,4
こんばんは,4
見失う,4
東電,4
怠ける,4
持て余す,4
再発,4
ブースター,4
義妹,4
フィールド,4
歌声,4
とげ,4
女子高,4
配慮,4
天皇誕生日,4
鳴らせる,4
さかのぼる,4
養成,4
円光,4
こま,4
イマイチ,4
属性,4
布教,4
逸す,4
ハロウィン,4
講習,4
云々,4
遊佐,4
悪しからず,4
かまう,4
ドーン,4
添える,4
のく,4
うつる,4
風俗,4
鉄道,4
インク,4
到来,4
シャッター,4
ばらまく,4
警告,4
饒舌,4
蒲田,4
最速,4
ペーパー,4
少数,4
液体,4
くいる,4
ぐるぐる,4
読み上げる,4
寝心地,4
繋ぐ,4
整合,4
背後,4
フロー,4
ほこ,4
エール,4
ジンジャー,4
アダプタ,4
締め,4
再来週,4
網羅,4
言い聞かせる,4
尽くす,4
吹雪,4
イチロー,4
怪我,4
ボディー,4
三角,4
結末,4
魅せる,4
ストライク,4
旗艦,4
町長,4
全巻,4
ジャクソン,4
すねる,4
ブーケ,4
禿げる,4
生涯,4
干渉,4
強いて,4
初っ端,4
射精,4
飛び出る,4
無難,4
音楽家,4
安らぎ,4
ドレス,4
切り替わる,4
持ち歩く,4
奏でる,4
工藤,4
オゾン,4
急激,4
ハウス,4
粘る,4
とさか,4
収める,4
ナデシコ,4
カラス,4
ちさ,4
カルキ,4
仕組み,4
物事,4
退会,4
直結,4
オシャレ,4
教典,4
あわわ,4
シェフ,4
感電,4
医学部,4
醜い,4
困難,4
騒音,4
ロンドン,4
わーい,4
嘆き,4
シカゴ,4
染まる,4
変人,4
ヒモ,4
不注意,4
死体,4
迷宮,4
大河,4
基底,4
みぞ,4
チェリー,4
突風,4
白衣,4
生理,4
二股,4
悪役,4
表面,4
もやもや,4
カーソル,4
ありがたみ,4
マックス,4
反復,4
脱ぎ捨てる,4
さかえ,4
堪える,4
惜しむ,4
頼る,4
身体,4
キャッシュ,4
脅す,4
グミ,4
乱視,4
惜しい,4
製作,4
サイクル,4
息抜き,4
特攻,4
ねぇ,4
交差点,4
書き換える,4
フリスビー,4
凌辱,4
資格,4
帰省,4
食える,4
潔い,4
落ち込む,4
収束,4
ぎょぎょ,4
とおり,4
合計,4
そっくり,4
親子,4
四国,4
引き込む,4
既刊,4
ムラ,4
自称,4
組み合わせ,4
血迷う,4
入れ替わる,4
指紋,4
移転,4
交互,4
からり,4
滑稽,4
ウォーター,4
ぎょい,4
発送,4
空間,4
低め,4
キャラクター,4
うわる,4
ムニエル,4
生き方,4
復旧,4
ファンファーレ,4
血行,4
文書,4
こんど,4
ぶち込む,4
せんする,4
仮装,4
窓辺,4
えぐる,4
道路,4
拘束,4
カバン,4
だいじょうぶ,4
ドキッと,4
けい,4
巡る,4
麻雀,4
滅ぶ,4
まったり,4
作詞,4
はんだ,4
惰性,4
狩る,4
てめえ,4
抱きしめる,4
使い分ける,4
生年月日,4
くだ,4
コンドル,4
西川,4
ストップ,4
閉口,4
歌舞伎町,4
同化,4
それなら,4
ひろい,4
謝罪,4
明かす,4
費やす,4
激減,4
長老,4
手のひら,4
食生活,4
かこ,4
ペイント,4
夕飯,4
いつの,4
がぶ飲み,4
派手,4
まぶしい,4
有意義,4
イーゴリ,4
懐古,4
倫理,4
ラグランジュ,4
ひつ,4
わがまま,4
後回し,4
エンディング,4
それに,4
張り替える,4
調達,4
士郎,4
ユニ,4
軒並み,4
破滅,4
お告げ,4
許容,4
酸化,4
ねたい,4
シン,4
沢山,4
たまらない,4
ローカル線,4
叫び,4
そり,4
名人,4
浮遊,4
からめる,4
均衡,4
ぎゃあ,4
散々,4
身構える,4
ザーメン,4
食べ物,4
勤務,4
一息,4
カッコ,4
バタバタ,4
問題児,4
トイレットペーパー,4
防止,4
面倒臭い,4
ふむふむ,4
暖める,4
川澄,4
老後,4
うちわ,4
阻む,4
血涙,4
久野,4
楽に,4
ルビ,4
あした,4
キタ,4
神前,4
面白み,4
パロディ,4
どんどん,4
泊まり,4
キンキン,4
フェ,4
散漫,4
著作,4
致す,4
下北沢,4
ミックス,4
フライパン,4
工学科,4
中井,4
広める,4
よーし,4
俳句,4
関心,4
敬遠,4
強風,4
乱入,4
発券,4
するする,4
ブラインド,4
ロリータ,4
まいる,4
律動,4
真っ暗,4
ニセコ,4
惨事,4
石川台,4
自殺,4
伸ばせる,4
細い,4
ホッ,4
体重,4
チャイコフスキー,4
商法,4
脈絡,4
森下,4
彰晃,4
聞き覚え,4
比叡,4
用品,4
道理,4
加護,4
意志,4
トラブル,4
八つ,4
向ヶ丘,4
レター,4
随分,4
有料,4
踏み外す,4
発する,4
茶髪,4
武勇,4
大乗,4
物情,4
ウケ,4
包茎,4
コンドーム,4
チャイニーズ,4
セーラー服,4
損害,4
万物,4
処分,4
メッキ,4
高山,4
挫折,4
ししょう,4
ディスコ,4
オアシス,4
すり,4
か月,4
一人物,4
無印,4
常駐,4
偏見,4
間奏,4
逃亡,4
ほお,4
絶叫,4
店内,4
鵜呑み,4
エネルギー,4
魔法使い,4
無音,4
栽培,4
上書き,4
至近,4
セルゲイ,4
投げ出す,4
ゲレンデ,4
江の島,4
一夫,4
べつ,4
団子,4
止まれる,4
仲間入り,4
換気扇,4
痛風,4
上位,4
節操,4
ブス,4
唸る,4
神谷,4
こんなにも,4
虎屋,4
英雄,4
植える,4
彷彿,4
年明け,4
並び,4
農家,4
緑が丘,4
キック,4
整う,4
平常,4
ホント,4
はしゃぐ,4
ヤクザ,4
めった,4
苦行,4
きらう,4
遺跡,4
もしゃ,4
閉め出す,4
殆ど,4
ガス,4
修造,4
汚れる,4
リボン,4
矢川,4
仮面,4
楽天,4
実力,4
一文,4
ランニング,4
音響,4
ふた,4
選べる,4
私語,4
よす,4
錦糸,4
籠る,4
荒ぶ,4
濃度,4
それる,4
とめ,4
角度,4
本数,4
絶倫,4
ネットワーク,4
オシ,4
不定期,4
ううん,4
次第,4
渇く,4
入手,4
かすか,4
しな,4
中心,4
天丼,4
性能,4
格式,4
お礼,4
くだる,4
調べ,4
訪れる,4
消失,4
原型,4
やみ,4
失念,4
アイロン,4
応募,4
あて,4
レジ,4
アン,4
経済,4
積み,4
愛情,4
脱がす,4
修得,4
火水,4
法隆寺,4
静める,4
直人,4
ポーズ,4
だれる,4
ドロップ,4
あくまで,4
歩き,4
痛々しい,4
バルーン,4
クラリネット,4
食わせる,4
警察,4
雇う,4
つよい,4
町田,4
長谷寺,4
断ち切る,4
生身,4
からむ,4
好意,4
夜行,4
まだしも,4
紛失,4
正常,4
けち,4
納める,4
ノリノリ,4
多摩川,4
フリップフロップ,4
耳鳴り,4
さっそく,4
スラッシュ,4
一味,4
人格,4
滑り込む,4
アマ,4
光景,4
ウッド,4
ユニット,4
禿山,4
不評,4
締め出し,4
独特,4
使い道,4
アナウンス,4
とろとろ,4
哀愁,4
オリエント,4
直感,4
芸能,4
ねた,4
延々,4
しそ,4
語感,4
電光,4
執事,4
茶飯事,4
復元,4
てん,4
金額,4
週末,4
バケツ,4
向き合う,4
のむ,4
剰余,4
末っ子,4
実写,4
順調,4
稲城,4
長沼,4
半月,4
しみじみ,4
素直,4
飲み屋,4
ごろごろ,4
着い,4
輝き,4
運勢,4
斬る,4
収入,4
役割,4
フラフラ,4
アルプス,4
真後ろ,4
天然,4
青葉台,4
見事,4
バク,4
初耳,4
エリ,4
義務,4
準急,4
降ろす,4
もどる,4
ゆったり,4
鉛筆,4
池上,4
系列,4
求婚,4
コーラ,4
渇き,4
漢文,4
それだけ,4
抉る,4
成仏,3
ことに,3
垂れる,3
危惧,3
なおる,3
沿線,3
共同,3
対偶,3
致命傷,3
いちいち,3
じゃらじゃら,3
ポジション,3
嗚呼,3
硝煙,3
ぐっと,3
測定,3
かじ,3
赤城,3
ラリー,3
解脱,3
良識,3
夢遊病,3
共済,3
地上波,3
指令,3
恐縮,3
供給,3
自重,3
負荷,3
寝静まる,3
即席,3
好き嫌い,3
上下,3
シャット,3
フーガ,3
醍醐味,3
飛び込み,3
海域,3
藤宮,3
鬼村,3
一色,3
グーグー,3
水素,3
よも,3
空腹,3
スパーク,3
みなみ,3
精力,3
音大,3
同様,3
ふえる,3
サマー,3
使い果たす,3
語れる,3
車窓,3
マナー,3
ラブレター,3
コーダ,3
建造,3
サンキュー,3
デル,3
諏訪部,3
虚構,3
デッキ,3
兼ねる,3
きごう,3
とどめる,3
つゆ,3
高津,3
都合,3
遠出,3
読み込む,3
アクション,3
人事,3
大盛り,3
森川,3
散財,3
閉め切る,3
婉曲,3
ざく,3
結界,3
ブラックリスト,3
話し合い,3
恐れる,3
捉える,3
インターネット,3
ドック,3
活き活き,3
生まれ変わる,3
かわゆい,3
音痴,3
血塗れ,3
もしもし,3
新人,3
おこる,3
たくみ,3
急ぎ,3
清書,3
クラクション,3
ランダム,3
品切れ,3
生き残れる,3
デュエット,3
ダイジェスト,3
補う,3
潜む,3
不気味,3
小平,3
ゴキブリ,3
姉ちゃん,3
スタイル,3
悪徳,3
原発,3
レストラン,3
薬剤師,3
風船,3
ルー,3
器用,3
真似る,3
単体,3
指数,3
ドーピング,3
連携,3
味方,3
おっちゃん,3
雅也,3
正面,3
疑似,3
またせる,3
左側,3
試聴,3
パッチ,3
ブルジョア,3
如何せん,3
駄洒落,3
大出,3
うるささ,3
候補,3
頼り,3
名簿,3
ボート,3
ブラジル,3
相殺,3
人々,3
協調,3
ぞう,3
ブラスバンド,3
いかれる,3
ブルーベリー,3
書き直す,3
決め手,3
風景,3
銭湯,3
妬む,3
なう,3
正門,3
結露,3
抱負,3
使いもの,3
瞳孔,3
ひっくり返る,3
生き物,3
ぶろ,3
寒帯,3
採譜,3
掛け布団,3
あめ,3
二子,3
薄れる,3
捜査,3
防御,3
いとこ,3
太い,3
対位法,3
スリー,3
目覚しい,3
乾き,3
察す,3
単独,3
不可,3
改悪,3
論破,3
多大,3
体制,3
枚数,3
召す,3
猶予,3
幹事,3
印籠,3
塗れる,3
散乱,3
対価,3
悟り,3
乳首,3
天下,3
スマート,3
葬る,3
デジタル,3
遮る,3
強圧,3
だいし,3
しける,3
ステージ,3
下倉,3
剥がれる,3
すると,3
面談,3
因子,3
情け,3
アル中,3
撮れる,3
撮す,3
番線,3
仏教,3
吹田,3
開帳,3
学力,3
打楽器,3
連鎖,3
くすぐる,3
かんじる,3
深層,3
手間取る,3
修復,3
入れ直す,3
思い描く,3
個々,3
かたい,3
決め,3
生る,3
立ち上がる,3
めずらしい,3
中目,3
とんでもない,3
凹む,3
ビジョン,3
ヒルズ,3
多才,3
押尾,3
獲得,3
湯冷め,3
激高,3
倍増,3
勤しむ,3
連想,3
舞い降りる,3
遠藤,3
組み込み,3
がら,3
連結,3
服従,3
殺到,3
逆戻り,3
冷やし中華,3
みか,3
餃子,3
愛人,3
本音,3
シフト,3
妥協,3
無茶,3
バタ,3
回せる,3
生む,3
節電,3
かっぱらう,3
徐々,3
日数,3
キット,3
ピッタリ,3
積み込み,3
循環,3
発達,3
しり,3
真実,3
本文,3
にきび,3
儚い,3
作り方,3
グルグル,3
ミイラ,3
般若,3
昇る,3
ふて寝,3
板書,3
抑止,3
故意,3
上昇,3
凄い,3
遷移,3
物価,3
ツリー,3
連れ込む,3
ミルキー,3
内側,3
大人気,3
やけ,3
仲良し,3
漕ぐ,3
憲法,3
変質,3
来なさる,3
自ら,3
イラスト,3
工夫,3
ごい,3
静まる,3
成分,3
隠滅,3
難関,3
斎藤,3
伊達巻,3
上映,3
作文,3
はしご,3
推敲,3
あま,3
欠ける,3
腱鞘炎,3
全壊,3
浸水,3
サイ,3
仮病,3
視野,3
ヌード,3
人口,3
びしょびしょ,3
ボーッ,3
引き受ける,3
放出,3
くたびれる,3
探し求める,3
薬指,3
何と,3
屋敷,3
飼う,3
ピーク,3
すなわち,3
最低限,3
ネス,3
かんがえる,3
人的,3
ポンド,3
姐さん,3
卓球,3
いね,3
心置き,3
先入観,3
軍団,3
おくる,3
募金,3
無理矢理,3
府中本町,3
負える,3
画伯,3
かつら,3
ナレーション,3
ところどころ,3
偉人,3
ジャム,3
尻目,3
川内,3
カーペット,3
成人病,3
朝日,3
光る,3
刹那,3
熱す,3
挟まる,3
隙間,3
したがう,3
羽虫,3
シミュレーション,3
ふかふか,3
落胆,3
任せる,3
横断,3
発散,3
世界中,3
お話,3
ココナッツ,3
福岡,3
押しかける,3
開講,3
デスク,3
あな,3
あや,3
ポピュラー,3
乖離,3
欠陥,3
怠慢,3
切れ味,3
麻布,3
偏差,3
出会える,3
ぼう,3
色々,3
鉄板,3
エフェクト,3
のっとる,3
水たまり,3
香ばしい,3
けが,3
交わす,3
南国,3
苦戦,3
同い年,3
重量,3
魅力,3
高め,3
ランク,3
密度,3
選別,3
爆音,3
しかた,3
投げつける,3
傍聴,3
フェラーリ,3
相関,3
補題,3
占領,3
頭皮,3
ひろ,3
移行,3
緋色,3
頑張れる,3
火照る,3
消毒,3
連中,3
原始,3
あか,3
ブック,3
もちいる,3
数式,3
ザル,3
つや,3
防犯,3
お話し,3
関西,3
政経,3
定数,3
おとうさん,3
鞭打つ,3
搭載,3
全国,3
絶頂,3
赤色,3
突っ込む,3
建国,3
試練,3
揚げ足,3
シナリオ,3
抵当,3
戦犯,3
漆黒,3
富士急,3
美園,3
いっぺん,3
用賀,3
蔵前,3
牛肉,3
メシア,3
何でもかんでも,3
世紀,3
バルブ,3
シマ,3
貸し切り,3
鑑定,3
悦び,3
京大,3
パジャマ,3
にこやか,3
シベリア,3
ハーフ,3
浦和,3
アイーダ,3
自滅,3
クープ,3
つぶる,3
トレンチコート,3
下駄,3
それと,3
伝言,3
クン,3
メリット,3
教職,3
馬鹿馬鹿しい,3
送り,3
欠片,3
下旬,3
鎮める,3
スランプ,3
副題,3
よそ,3
逢う,3
シャイ,3
人並み,3
さいたま,3
重み,3
お流れ,3
ロー,3
やける,3
なんて,3
暮らせる,3
補足,3
悉く,3
叫び声,3
お盆,3
引き返す,3
河内,3
しげ,3
文脈,3
参る,3
ネーミング,3
不機嫌,3
巻き,3
武道,3
廃棄,3
浩二,3
控え,3
幼稚,3
ナイアガラ,3
きらい,3
指先,3
使者,3
植松,3
太郎,3
ちぎる,3
我ら,3
熱弁,3
呻く,3
上級,3
電球,3
キーワード,3
ヘア,3
批評,3
トレンド,3
発火,3
散る,3
釣れる,3
号泣,3
突破,3
問診,3
おこす,3
何分,3
寝台,3
物心,3
たより,3
筋力,3
地面,3
ほろ,3
トレーナー,3
もみじ,3
トリ,3
やかん,3
悲惨,3
沸騰,3
おでん,3
舞い上がる,3
隠し,3
いただける,3
カルピス,3
ほえる,3
活発,3
パンダ,3
ハサミ,3
憧れる,3
めざめる,3
乗数,3
行き先,3
曲げる,3
温める,3
バサミ,3
睡る,3
豊島,3
バーミヤン,3
ピロ,3
読解,3
続き,3
ためる,3
工業,3
コミック,3
あたふた,3
防寒,3
たける,3
悟る,3
てい,3
静的,3
聞き取る,3
同棲,3
脱出,3
小山台,3
世間,3
甘える,3
座布団,3
はく,3
浴場,3
たすける,3
走行,3
申し上げる,3
振動,3
みち,3
展示,3
根本,3
いたる,3
秋葉,3
雑司が谷,3
速水,3
渡し,3
見送る,3
デクレッシェンド,3
配属,3
セル,3
上司,3
残留,3
今宵,3
邪道,3
挙句,3
明神,3
スケルツォ,3
はじめ,3
飾る,3
引き裂く,3
数多い,3
済まない,3
せつ,3
ふっとぶ,3
別々,3
寄生,3
映り,3
ムーン,3
胃痛,3
まくれる,3
今どき,3
コネ,3
粉砕,3
立て,3
逮捕,3
あれこれ,3
吾輩,3
いつく,3
もてる,3
あみ,3
駆る,3
実施,3
ファミリーマート,3
組み合わせる,3
ボーリング,3
新橋,3
収拾,3
闘い,3
先行,3
余りに,3
ソル,3
御茶ノ水,3
三幸,3
唖然,3
相模,3
インスピレーション,3
安堵,3
行事,3
ふゆ,3
ショパン,3
寝苦しい,3
アップダウン,3
所々,3
東急ストア,3
ケガ,3
わくわく,3
歪み,3
英数字,3
覚え,3
握力,3
不完全,3
敗北,3
デフォルト,3
スロット,3
中旬,3
いいかげん,3
気兼ね,3
追い込む,3
振り返る,3
冒険,3
延びる,3
歯科,3
ビックリ,3
雑魚寝,3
子持ち,3
あやうい,3
練磨,3
神津,3
居留守,3
室内,3
作り上げる,3
有用,3
本物,3
もやう,3
調理,3
まぎらわしい,3
きえる,3
長袖,3
借金,3
実現,3
プライド,3
純愛,3
恩恵,3
北沢,3
比例,3
葬式,3
銀座,3
おごり,3
太宰,3
超越,3
メイク,3
フープ,3
繁栄,3
好物,3
ちびちび,3
流体,3
大池,3
辺り,3
六法,3
食わす,3
演歌,3
あらゆる,3
一揆,3
かき集める,3
売り切れ,3
仰向け,3
暴行,3
浅草,3
かしこまる,3
ラップ,3
片割れ,3
ドライバー,3
防災,3
気持ち良い,3
老化,3
埼玉,3
下校,3
半身,3
研究所,3
抱きつく,3
家紋,3
絡まる,3
化物,3
字書,3
豚汁,3
払える,3
接す,3
工科,3
ふか,3
雑誌,3
放尿,3
やぶく,3
深酒,3
メンデルスゾーン,3
唱える,3
死にかける,3
要領,3
神経質,3
褒美,3
荒業,3
マゼラン,3
重視,3
ゆずれる,3
元来,3
宿泊,3
くるむ,3
骨抜き,3
ロク,3
ねむる,3
アップル,3
ウォーキング,3
ヤング,3
前衛,3
カラー,3
ひよこ,3
プリン,3
こめ,3
ダイレクト,3
受取,3
いする,3
連戦,3
スリーブ,3
排気,3
しなす,3
講座,3
映す,3
イリュージョン,3
日課,3
退廃,3
噛み合う,3
ごろ,3
序奏,3
バレーボール,3
工場,3
欲望,3
ところが,3
汚す,3
胃薬,3
騒がしい,3
首筋,3
還元,3
マル,3
朝起き,3
栄光,3
ポジティブ,3
各々,3
軟膏,3
カート,3
だとすると,3
イタリアン,3
メン,3
慣らす,3
どんと,3
ヤリ,3
サングラス,3
一撃,3
ナイフ,3
渋滞,3
ちょんまげ,3
はるか,3
サントリーホール,3
いっこ,3
容器,3
偽り,3
ハッピー,3
すみません,3
見逃し,3
一帯,3
稚拙,3
ロール,3
貴一,3
パーツ,3
もどき,3
戻せる,3
ありま,3
貴様,3
ショコラ,3
えらい,3
詠む,3
かび臭い,3
うつ病,3
在りし,3
判別,3
遠慮ない,3
客層,3
不健康,3
マフラー,3
大工,3
ハーモニー,3
補導,3
かめる,3
ダン,3
マダム,3
切り取り,3
サーバー,3
あしからず,3
看板,3
一行,3
アクロバット,3
はじまる,3
やり過ごす,3
上機嫌,3
孵る,3
押せる,3
払込,3
放心,3
ルネサンス,3
矢場,3
ゆか,3
後者,3
いす,3
推測,3
とめる,3
同類,3
ビリヤード,3
軌跡,3
同輩,3
ろか,3
日にち,3
断然,3
好評,3
ローマ,3
分担,3
ファゴット,3
合流,3
過疎,3
脱却,3
ふとした,3
ルンバ,3
官能,3
裁判,3
万端,3
ホッチキス,3
叔父さん,3
サバ,3
地帯,3
琵琶,3
伸び,3
しゅん,3
めく,3
ところで,3
諸氏,3
飛び乗る,3
争い,3
つと,3
律儀,3
オリエンテーション,3
ハイキング,3
代々木上原,3
由記,3
あたし,3
かさ,3
受け付ける,3
はかる,3
梶浦,3
ユダヤ,3
省く,3
出陣,3
採血,3
押し倒す,3
奈良,3
未読,3
放射,3
乾パン,3
おくれる,3
リリカル,3
たぬき,3
奪取,3
一様,3
玉ねぎ,3
志向,3
及ぶ,3
通常,3
妖しい,3
おもいだす,3
炊く,3
破く,3
ターン,3
土産,3
ウーマン,3
もしも,3
プロモーター,3
保温,3
能登,3
さがる,3
ナン,3
耐久,3
荒い,3
集まり,3
ひさ,3
告げる,3
おもちゃ,3
リオン,3
通い,3
シキ,3
蓮池,3
文殊,3
酔いつぶれる,3
デザイン,3
正体,3
万能,3
だこ,3
リフォーム,3
ちらほら,3
しょっぱな,3
不動前,3
カンタベリー,3
極まりない,3
苦笑,3
いよ,3
下着,3
やけど,3
オムライス,3
ゴー,3
お仕置き,3
駆け込む,3
スパイ,3
改革,3
多数,3
譲る,3
パンチ,3
養う,3
網戸,3
出版,3
スペイン,3
みれる,3
ホームレス,3
くわえる,3
木下,3
さびる,3
はらう,3
雪見,3
シビック,3
純真,3
みこす,3
スナック菓子,3
たらい,3
警備,3
うふっ,3
月末,3
カルト,3
正式,3
尖る,3
難産,3
エピソード,3
手荷物,3
麻痺,3
素手,3
ゴロゴロ,3
倦怠,3
煮込む,3
寝込む,3
リンゴ,3
円盤,3
日頃,3
大福,3
千尋,3
追いつける,3
シリア,3
砕ける,3
スパート,3
パイプオルガン,3
やさい,3
上がれる,3
流暢,3
かくす,3
ピッ,3
毎晩,3
こよ,3
火山,3
秋元,3
甲骨,3
最短,3
考慮,3
パック,3
佐川,3
おりる,3
振り込み,3
教会,3
入金,3
くじく,3
容易,3
職業,3
酔える,3
出鼻,3
克服,3
リーダ,3
押しつける,3
水筒,3
地方,3
ドロ,3
水着,3
祈り,3
ぐびぐび,3
小倉,3
発声,3
蔑む,3
まな板,3
散らす,3
上智,3
乙女,3
有る,3
後々,3
豚肉,3
ダーツ,3
かんな,3
こける,3
王将,3
新品,3
見せかける,3
如意,3
吹かす,3
ノック,3
見直し,3
放送大学,3
紙質,3
いぶし銀,3
うたう,3
かりる,3
そめる,3
宴会,3
貧弱,3
軋む,3
しばらく,3
上達,3
ギャップ,3
和室,3
押し,3
固め,3
泥棒,3
越し,3
梅原,3
芝居,3
使徒,3
権化,3
同志,3
スバル,3
つう,3
つれ,3
謝恩,3
代行,3
つつく,3
直交,3
擬音,3
バン,3
多方面,3
傷物,3
剃る,3
活かす,3
こたつ,3
さわ,3
オプション,3
精算,3
ミラー,3
行進曲,3
深まる,3
ステ,3
返金,3
シーツ,3
早見,3
多重,3
出張,3
ライター,3
カロチン,3
リラックス,3
はじめて,3
キャスト,3
ビジュアル,3
労基法,3
見やすい,3
街道,3
能動,3
塗り,3
始末,3
婚約,3
メドレー,3
窓際,3
早生まれ,3
車輪,3
あきる,3
想定,3
すさ,3
蛍光,3
見慣れる,3
ご無沙汰,3
ラー油,3
スケジュール,3
体位,3
一覧,3
おかず,3
井上,3
かね,3
空欄,3
シャーリー,3
西武,3
誓う,3
食いつく,3
部類,3
苦情,3
ふえ,3
怪獣,3
ジャズ,3
ジュリア,3
笑わせる,3
排卵,3
たまげる,3
区切る,3
料金,3
青函,3
下書き,3
傲慢,3
不満,3
オレ,3
バット,3
プッシュ,3
ジャスト,3
メカ,3
自意識,3
疑い,3
共鳴,3
動じる,3
あらす,3
半日,3
うすい,3
補充,3
動詞,3
満身,3
ひりひり,3
屋上,3
落ち着ける,3
創痍,3
注目,3
きせる,3
たのしむ,3
ジョー,3
阿鼻叫喚,3
邦人,3
いっしょ,3
包囲,3
ヘリ,3
ちげ,3
すみ,3
つぶやき,3
ソング,3
カイロ,3
まっしぐら,3
蒼白,3
さりげ,3
世界一,3
リーズナブル,3
付け替える,3
こまめ,3
指輪,3
歩き回る,3
理不尽,3
こき使う,3
見合わせ,3
つるむ,3
つま,3
振り替え,3
コンピュータ,3
篭る,3
車掌,3
しょぼい,3
失笑,3
会す,3
音読,3
コント,3
ラプラス,3
親和,3
マンホール,3
飯塚,3
だらける,3
修羅,3
微熱,3
しゃく,3
平熱,3
入口,3
スペシャル,3
シューベルト,3
否定,3
シンセサイザー,3
たる,3
ゲスト,3
収納,3
下品,3
買い換える,3
直し,3
ため息,3
給電,3
宅急便,3
活力,3
プロセス,3
閲覧,3
羅列,3
ゴム,3
近代,3
エリック,3
試験場,3
脳みそ,3
車内,3
やむなく,3
着メロ,3
自爆,3
果て,3
シャープ,3
広報,3
イオン,3
のぼせる,3
適度,3
自演,3
保証,3
儲かる,3
くつ,3
誤差,3
アツ,3
バンクーバー,3
人参,3
エンジン,3
あきらめ,3
あずき,3
ワカメ,3
気取る,3
しす,3
新横浜,3
寛容,3
留める,3
どうか,3
呪文,3
治安,3
夜景,3
まるごと,3
絞める,3
不倫,3
習得,3
みせる,3
好奇,3
賛助,3
性交,3
不憫,3
増強,3
ぐっすり,3
催眠,3
直近,3
店頭,3
吸い込む,3
リハビリ,3
安静,3
ノータッチ,3
通販,3
暴君,3
府警,3
チップ,3
薄める,3
相当,3
繰り返し,3
差別,3
至福,3
ひととき,3
整備,3
改変,3
ネック,3
内部,3
残業,3
負う,3
転がる,3
そく,3
電流,3
うるわしい,3
夜中,3
土砂降り,3
負け,3
ぎす,3
飛び降りる,3
プレート,3
投げ飛ばす,3
ジン,3
一式,3
くすむ,3
大抵,3
シャレる,3
会計,3
挙げる,3
ドリア,3
閃光,3
見分ける,3
駆け落ち,3
商工,3
金銭,3
湿る,3
しみ,3
叶う,3
緑茶,3
早く,2
ドク,2
初台,2
奥地,2
おちつける,2
小沢,2
ワゴン,2
戦場,2
ウルフ,2
クス,2
蚊取り線香,2
モテモテ,2
追突,2
かばう,2
手当,2
三浦,2
暴力団,2
谷岡,2
言い渡す,2
示談,2
トリプル,2
同姓,2
非難,2
幼少,2
英霊,2
サラダ,2
ピチピチ,2
旅団,2
相模原,2
記入,2
すます,2
中高年,2
二の舞,2
異性,2
穢れる,2
支度,2
捧ぐ,2
猛威,2
プレーヤー,2
ジョン万次郎,2
有機,2
こりる,2
中出,2
ポア,2
聖女,2
感受性,2
恐れ,2
加熱,2
電磁,2
屋外,2
日記,2
本読み,2
ドル,2
追いかける,2
日本円,2
レート,2
すたる,2
フルネーム,2
オーディオ,2
かしら,2
慎也,2
ぼちぼち,2
終止,2
ゆえ,2
縮まる,2
座右の銘,2
夢精,2
競走,2
自粛,2
明快,2
ムーア,2
バレエ,2
ごねる,2
伊達,2
伝統,2
たいして,2
脱力,2
生真面目,2
コンビ,2
延珠,2
揚げ物,2
正日,2
飛行機,2
命令,2
セール,2
絞る,2
チューリング,2
作用,2
腹黒い,2
バイパス,2
収録,2
おしい,2
なめらか,2
保土ヶ谷,2
取材,2
食料,2
重ね,2
隣接,2
ルンルン,2
オス,2
書式,2
灯火,2
架かる,2
つくし野,2
高知,2
倒産,2
由紀,2
抑制,2
それから,2
扇情,2
プール,2
校章,2
本家,2
レンタル,2
咲かせる,2
マグネット,2
レシート,2
寺島,2
ニンニク,2
応える,2
壮絶,2
にじみ出る,2
みじん切り,2
ニーズ,2
産める,2
ひっそり,2
お布施,2
着替え,2
予知,2
しいれる,2
良子,2
冷却,2
神田,2
ハス,2
悪鬼,2
新谷,2
吐血,2
残り少ない,2
過酷,2
求愛,2
ファー,2
カタカタ,2
躁鬱,2
健気,2
ルーチン,2
くさる,2
割り込み,2
発情,2
療法,2
水気,2
天敵,2
スキン,2
仕える,2
お姫様,2
サーモン,2
ワイヤレス,2
労災,2
脅迫,2
送り出す,2
炒る,2
花束,2
シャンデリア,2
ねぎ,2
奇妙,2
足湯,2
本望,2
いちょう,2
なまる,2
あのー,2
無性に,2
清算,2
ドライ,2
民主,2
厚木,2
茂木,2
落選,2
うらむ,2
駄菓子,2
みき,2
顕微鏡,2
貶す,2
様子,2
苗場,2
集め,2
かじる,2
誘発,2
善光寺,2
原点,2
劣る,2
色相,2
シックス,2
場面,2
クロム,2
出撃,2
手前,2
練馬,2
誘導,2
食品,2
けっこう,2
アキレス腱,2
プラン,2
原稿,2
喜多,2
マルチタスク,2
生放送,2
書き上げる,2
難航,2
クロスオーバー,2
同列,2
太平洋,2
前後ろ,2
復号,2
現金,2
矢印,2
ソロモン,2
ませる,2
御触れ,2
時代遅れ,2
とり方,2
字余り,2
うな重,2
皆勤,2
テック,2
はり,2
ファラデー,2
利く,2
転生,2
清華,2
休業,2
夏季,2
如く,2
ロン,2
支離滅裂,2
職場,2
あらかじめ,2
ホームシック,2
積立,2
ツケ,2
重心,2
しみ入る,2
行い,2
飛騨,2
割り振る,2
親知らず,2
心地よい,2
難解,2
バンダイ,2
白鳥,2
下降,2
マネージャ,2
パンク,2
とちる,2
金券,2
路頭,2
隠る,2
上る,2
ソナチネ,2
洗顔,2
ささる,2
リーディング,2
断つ,2
読み物,2
フローリング,2
モン,2
ダニエル,2
外回り,2
みづき,2
もたせる,2
公会堂,2
お子様,2
何時の間にか,2
モデム,2
一軍,2
保健,2
秒間,2
素質,2
たのむ,2
すける,2
一連,2
小太郎,2
やつれる,2
サブリミナル,2
英美,2
衣装,2
量る,2
いじくる,2
団扇,2
一流,2
伝染,2
衛兵,2
リスク,2
麗しい,2
贈る,2
洒落る,2
たらり,2
立ち見,2
手痛い,2
豪雨,2
幼い,2
初動,2
下履き,2
引用,2
エミ,2
和気あいあい,2
無謀,2
独り身,2
塾長,2
批判,2
省ける,2
熟読,2
神々しい,2
人語,2
恥ずかしながら,2
厳密,2
取り乱す,2
難い,2
京王線,2
明大前,2
勿論,2
易い,2
――,2
心身,2
護持,2
仰る,2
累積,2
僭越,2
尾山,2
熾烈,2
引っ越し,2
小野,2
スリッパ,2
掴める,2
滑り,2
一刻,2
アクティブ,2
カマキリ,2
張れる,2
緻密,2
さまよう,2
投げ売り,2
閉鎖,2
した,2
函数,2
ようじ,2
ほす,2
ピンチ,2
終章,2
葡萄,2
マークシート,2
干からびる,2
隠れ,2
クリップ,2
貼れる,2
意向,2
サンダル,2
伝家,2
宝刀,2
スーツケース,2
立ち往生,2
喚く,2
氏名,2
同上,2
要項,2
ニッパー,2
飛び交う,2
厳重,2
動き出す,2
エステル,2
フロア,2
もぐる,2
王城,2
実用,2
暴挙,2
乗り物,2
小室,2
割り箸,2
チョコレート,2
ハッスル,2
悔やむ,2
タービン,2
というのも,2
半袖,2
等価,2
えて,2
化け物,2
局所,2
胡散臭い,2
予行,2
岸田,2
ズキン,2
問答,2
死に顔,2
森部,2
安売り,2
乱暴,2
対照,2
勇士,2
ざっと,2
スポットライト,2
金遣い,2
学徒,2
後頭部,2
聞き返す,2
カクテル,2
ミュージシャン,2
裏方,2
どおり,2
ミーティング,2
ほぐす,2
舞踏,2
トルコ,2
ノーマル,2
マジェスティック,2
後釜,2
麻美,2
南風,2
田所,2
防ぐ,2
外語,2
匿名,2
オープン,2
自明,2
アナウンサー,2
誇る,2
ルカ,2
消灯,2
ゆるす,2
ポート,2
利き手,2
ほど,2
一掃,2
味噌汁,2
皮剥,2
多用,2
幻影,2
化け,2
しけ,2
マラン,2
ぞっと,2
不条理,2
フラストレーション,2
通話,2
総集編,2
ふみ,2
波動,2
バーガー,2
めぐる,2
押し売り,2
魔界,2
パラレル,2
オーソドックス,2
合える,2
奴隷,2
ヒント,2
周辺,2
拡散,2
子孫,2
真髄,2
偏頭痛,2
色欲,2
もろい,2
人前,2
赤坂,2
フライング,2
サーロイン,2
ゴールド,2
前者,2
田園調布,2
ゲリラ,2
背水,2
近づける,2
膝枕,2
フカ,2
ヒレ,2
相乗,2
オメガ,2
会合,2
おぐら,2
初々しい,2
欺瞞,2
極楽浄土,2
もれなく,2
三位一体,2
物音,2
ゲーテ,2
ともい,2
解き放つ,2
少い,2
バリエーション,2
実話,2
ダイヤル,2
イギリス,2
ジャパニーズ,2
浜松,2
Ｗｅｂ,2
たたかう,2
御用邸,2
迷走,2
甘味,2
ドーナツ,2
さがす,2
くらむ,2
御殿場,2
フレンチ,2
阿吽,2
小田原,2
もたらす,2
道徳,2
チャーシュー,2
悲報,2
掘れる,2
蝕む,2
物置,2
ポエム,2
服装,2
改正,2
神聖,2
弱小,2
放す,2
しら,2
オフィス,2
クラッシュ,2
マリ,2
教習,2
輸入,2
るり,2
定番,2
中性,2
この上ない,2
のめり込む,2
凝視,2
荻窪,2
国民,2
平等,2
お詫び,2
不器用,2
幾分,2
急速,2
フラッシュ,2
特大,2
薬品,2
抜き出す,2
しるこ,2
隣人,2
瑠璃,2
取り寄せる,2
コンパ,2
希少,2
満たせる,2
デメリット,2
おぼつかない,2
帰り際,2
てあつい,2
足音,2
せく,2
おやすみなさい,2
催す,2
感じ取れる,2
磨く,2
まわる,2
切り捨てる,2
撲殺,2
趣旨,2
早慶,2
ひどく,2
ふっと,2
増量,2
幻想曲,2
降り出す,2
失踪,2
むちゃ,2
シェーン,2
タイマー,2
速やか,2
フレア,2
ベルク,2
じっくり,2
つくす,2
垂れ流し,2
夢中,2
休館,2
こまる,2
捕まえる,2
量的,2
急募,2
消去,2
メンタル,2
要請,2
由来,2
経営,2
パトカー,2
オウム,2
未成年,2
いたずら,2
ジム,2
問い詰める,2
デッドロック,2
勿体,2
決行,2
休校,2
低温,2
しゃべれる,2
評す,2
インターンシップ,2
生じる,2
およそ,2
火薬,2
沖の島,2
福島,2
戦力,2
撤退,2
かろうじて,2
ひまわり,2
明け方,2
子宮,2
万引き,2
嘆く,2
人形,2
さけ,2
不穏,2
本末転倒,2
巻舌,2
可憐,2
所用,2
大きめ,2
がっかり,2
つみ,2
多妻,2
るい,2
やよい,2
ビスケット,2
人死,2
火力,2
スナック,2
売店,2
麻生,2
資源,2
退去,2
政治,2
同性,2
鋼材,2
直行,2
ボーナス,2
学べる,2
周波数,2
息吹き,2
着信,2
幼なじみ,2
ネスト,2
所有,2
手足,2
屋良,2
燃費,2
卵子,2
義金,2
明宏,2
構文,2
パッション,2
美輪,2
本意,2
きする,2
ゴリ,2
呼べる,2
爺さん,2
リュック,2
ウルトラマン,2
足場,2
ビクビク,2
感激,2
気楽,2
メーター,2
尽す,2
無矛盾,2
フィボナッチ,2
絶つ,2
現す,2
モノマネ,2
簡潔,2
ムダ,2
佳代,2
大阪,2
細菌,2
発展,2
導出,2
人災,2
論説,2
鰹節,2
生半可,2
あす,2
立ち直れる,2
チカチカ,2
阪田,2
ヵ月,2
発明,2
バイタリティ,2
物質,2
父島,2
擬態,2
きたす,2
割り切る,2
レイ,2
ぽっぽ,2
題名,2
一向に,2
みそ,2
兵器,2
打ち消す,2
落とせる,2
だべる,2
ノンストップ,2
ウサギ,2
累計,2
グランド,2
無期,2
穢れ,2
ヴェルディ,2
きし,2
やるせない,2
フィーリング,2
ブレーキ,2
えらぶ,2
狂わす,2
むしゃむしゃ,2
スクイズ,2
被疑,2
次週,2
瀬戸際,2
ボーキサイト,2
装着,2
曲芸,2
カラオケボックス,2
喰らう,2
中休み,2
命拾い,2
羽織る,2
ルール,2
熱意,2
高性能,2
引き締まる,2
いさめる,2
綾子,2
江戸川,2
自慰,2
エンター,2
ゲラ,2
玩具,2
並べる,2
伝う,2
戦える,2
アトリエ,2
人見知り,2
欧米,2
完治,2
要因,2
この方,2
手伝い,2
ボーイ,2
オーディション,2
アジア,2
サーキット,2
初乗り,2
お客様,2
苗木,2
大祭,2
クリーン,2
ゆるい,2
カーテン,2
ふきこむ,2
アラベスク,2
ほんとう,2
学問,2
振り,2
ひかれる,2
野々村,2
斑鳩,2
退場,2
つなぎ,2
エチュード,2
源氏物語,2
タマ,2
圧迫,2
わかい,2
注釈,2
瞬時,2
喘息,2
幅優先,2
正論,2
キリマンジャロ,2
多摩川線,2
ウィンドウ,2
佐倉,2
胡蝶,2
くるしい,2
気合い,2
ころす,2
休止,2
合致,2
英断,2
副産物,2
医師,2
丸裸,2
力不足,2
スクリプト,2
プラスチック,2
エメラルド,2
メールボックス,2
立地,2
ディレクトリ,2
超人,2
買い占める,2
余り,2
スムーズ,2
鮮度,2
待てる,2
アワ,2
ばあちゃん,2
よぶ,2
高値,2
挑む,2
はしゅ,2
片瀬,2
ベルリン,2
鷺沼,2
じゃま,2
微塵,2
文献,2
鑑みる,2
措置,2
アーチ,2
神社,2
沸点,2
ビット,2
撃つ,2
襲来,2
かるい,2
同情,2
つくし,2
柔軟,2
かまくら,2
インクジェット,2
由比ヶ浜,2
結衣,2
茶番,2
辛子,2
アングル,2
量子力学,2
風流,2
タレ,2
日吉キャンパス,2
見晴らし,2
かしこ,2
シューズ,2
ローラー,2
比率,2
ガム,2
ベタベタ,2
休肝,2
アナゴ,2
閉館,2
入り浸る,2
無念,2
民家,2
塗りつぶす,2
砕く,2
ばら,2
ハイソックス,2
動転,2
転げ落ちる,2
朝寝,2
持田,2
天空,2
ウグイス,2
がわり,2
ヨコハマ,2
プライバシー,2
はか,2
カイ,2
使い勝手,2
雪月花,2
上流,2
階級,2
左肩,2
巻き添え,2
打って出る,2
新井,2
スタック,2
弾薬,2
心機一転,2
恐る,2
征服,2
サボ,2
意欲,2
飛散,2
国務,2
タカ,2
いんする,2
解読,2
博識,2
あいまい,2
ひと通り,2
いなむ,2
陣取る,2
取扱,2
端末,2
初日の出,2
後ろ髪,2
特番,2
さんざん,2
助手,2
古文,2
方位,2
アク,2
さえる,2
薬学部,2
家賃,2
たかし,2
ミドル,2
発酵,2
却下,2
相模大野,2
正夢,2
隔週,2
わする,2
と金,2
解る,2
辿れる,2
めだつ,2
英国,2
すし,2
高ぶる,2
担う,2
上松,2
軽蔑,2
ジーパン,2
乗客,2
あの世,2
林間,2
特徴,2
ワイヤー,2
喉元,2
いそ,2
ばらす,2
クリーナー,2
颯爽,2
分配,2
真水,2
金入れ,2
公認,2
浅田,2
引き出す,2
かぐ,2
託す,2
愚痴,2
交じる,2
デモン,2
手際,2
ウィンナ,2
シュルツ,2
ぜんぜん,2
画期的,2
十文字,2
会頭,2
武蔵野,2
キャンペーン,2
築地,2
プロデューサー,2
甘ったるい,2
晴れ,2
掛け,2
ブライアン,2
ロマンチック,2
嘲笑,2
常連,2
塩分,2
著者,2
既存,2
煮詰まる,2
解き方,2
バンバン,2
ひきつる,2
由美子,2
こだわる,2
ノン,2
受け取れる,2
撃破,2
救世主,2
躓く,2
何だか,2
やぁ,2
材質,2
リスキー,2
追い打ち,2
ぎりぎり,2
初島,2
文字通り,2
機動,2
スパイラル,2
訛る,2
近似,2
彗星,2
クセ,2
生贄,2
平和島,2
大森,2
カウンター,2
詰める,2
あじ,2
最寄り駅,2
大卒,2
突き出す,2
放射能,2
車線,2
売買,2
ちゅうざん病院,2
ひたる,2
越える,2
精製,2
補える,2
持ち上げる,2
断てる,2
喫煙,2
はし,2
寄せる,2
活性,2
蒸し風呂,2
いかつい,2
肝心,2
貯まる,2
抗議,2
増やせる,2
リリース,2
神様,2
個別,2
弊害,2
吐ける,2
良質,2
根気,2
姿勢,2
生暖かい,2
味覚,2
来はじめる,2
形跡,2
金剛,2
さくらんぼ,2
クライマックス,2
榛名,2
いづ,2
連行,2
紛れる,2
悲壮,2
二食,2
花形,2
占い,2
マクドナルド,2
映える,2
しびれ,2
谷山,2
順当,2
くらくら,2
多々,2
収穫,2
精鋭,2
恐喝,2
ママ,2
こわれる,2
円山,2
エレベーター,2
うだうだ,2
高橋,2
リン,2
洗剤,2
洗える,2
打撃,2
形態,2
からたち,2
立たす,2
落し物,2
血管,2
折りたたみ,2
樹海,2
色紙,2
理科,2
旅人,2
平然と,2
眩しい,2
除去,2
バラバラ,2
内径,2
義姉,2
ボトムアップ,2
びん,2
ドライブ,2
無能,2
トップダウン,2
うく,2
ふかい,2
文法,2
あがく,2
アンドレ,2
しか,2
下界,2
援助,2
坂道,2
仕草,2
ぶん,2
他者,2
着心地,2
清浄,2
ありあり,2
やりなおす,2
ディン,2
パーマ,2
ハンバーグ,2
うわき,2
ひしぐ,2
体育館,2
君が代,2
押しつぶす,2
ふつ,2
愚行,2
赤ワイン,2
オン,2
遠野,2
やわらかい,2
弱る,2
散らし,2
スケルトン,2
断る,2
入れ替え,2
井戸,2
ぐるみ,2
留守番,2
味見,2
さいき,2
中外,2
骨董,2
ボサボサ,2
散らかす,2
ソフトウェア,2
馴染む,2
扱う,2
シミュレート,2
ありのまま,2
珍妙,2
追放,2
がい,2
憎い,2
龍野,2
ソニー,2
金メッキ,2
金田一,2
つかむ,2
ビンビン,2
こなせる,2
アリス,2
調味,2
車道,2
ウォーク,2
オウンゴール,2
やっぱし,2
制度,2
アド,2
チャット,2
氷結,2
ばりばり,2
かえす,2
見にくい,2
コンソール,2
なみする,2
じっと,2
主体,2
真横,2
拉致,2
短文,2
コースター,2
無情,2
ナオコ,2
キャリア,2
致死,2
イクラ,2
ダイヤモンド,2
消火,2
済み,2
のめる,2
年会,2
正反対,2
ことわり,2
ウトウト,2
緊迫,2
壊滅,2
講師,2
よりによって,2
通称,2
媚びる,2
啓蒙,2
テンキー,2
ドラッグ,2
高卒,2
ついつい,2
こぼれる,2
美容,2
過労,2
ほっぺ,2
奇数,2
注射,2
人見,2
ベン,2
被弾,2
両目,2
薔薇,2
言い合う,2
標題,2
薄まる,2
破廉恥,2
大麻,2
音信,2
直面,2
不通,2
日当たり,2
岩塩,2
無常,2
いぶ,2
容疑,2
万々歳,2
メジャー,2
スプーン,2
うば,2
行き止まり,2
サンシャイン,2
セッティング,2
猟犬,2
廃止,2
平野,2
やまだ,2
凝らす,2
無手,2
中学校,2
肥える,2
献血,2
誘い,2
でっかい,2
拡張,2
社長,2
遊び心,2
青空,2
反芻,2
勝る,2
みずほ,2
さそり,2
肝臓,2
教徒,2
たどり着く,2
せめぐ,2
湯気,2
全校,2
ルー大柴,2
クッション,2
直せる,2
蓄える,2
かつぐ,2
短調,2
ゆく,2
ほっぺた,2
掛け持ち,2
祟る,2
休息,2
今川,2
ちょいちょい,2
きみ,2
公衆,2
図太い,2
はで,2
寝取る,2
くける,2
トレーニング,2
サンド,2
二兎,2
フェイント,2
養分,2
りか,2
ヤマハ,2
真鯛,2
電場,2
アンプ,2
あまる,2
惑星,2
死滅,2
保守,2
四川,2
毛根,2
合意,2
許し,2
のれん,2
寄付,2
原案,2
ハモ,2
挙手,2
物取り,2
伏せ字,2
読みで,2
たしか,2
レット,2
垂れ,2
薦める,2
海洋,2
失敬,2
良品,2
うつす,2
じん,2
交差,2
れん,2
もやし,2
もって,2
妖怪,2
せこい,2
ニュータイプ,2
退出,2
パネル,2
掲示,2
紙袋,2
アーキテクチャ,2
殺る,2
シリアル,2
引換,2
闘牛,2
歌わす,2
エナジー,2
人名,2
さんま,2
塩焼き,2
所以,2
振り切れる,2
キャベツ,2
年初,2
打点,2
充填,2
チョー,2
クレッシェンド,2
心弱い,2
パーフェクト,2
不健全,2
故障,2
中音,2
とじる,2
やすみ,2
石平,2
百合,2
歩行,2
歪曲,2
張り切る,2
ぶん殴る,2
みだれる,2
並列,2
なごむ,2
力也,2
立派,2
もぉ,2
言うまでもない,2
豆乳,2
ヒーロー,2
アンコール,2
エース,2
レビュー,2
アンテナ,2
台車,2
そろう,2
引換える,2
有馬,2
退化,2
シューマン,2
実在,2
慣性,2
下線,2
方面,2
焚く,2
代表,2
ミサイル,2
アルベルト,2
神殿,2
転向,2
リバー,2
北千住,2
人ごみ,2
怪人,2
大地,2
菜箸,2
指揮棒,2
洗い流す,2
奥深い,2
かいい,2
実生活,2
作り直す,2
キノコ,2
すばらしい,2
震度,2
抱き合う,2
撃沈,2
秘宝,2
ノクターン,2
いまだに,2
すみか,2
直樹,2
真っ青,2
重罪,2
引きずる,2
いさむ,2
空耳,2
羽田空港,2
血色,2
サンドイッチ,2
羞恥,2
首都,2
漏る,2
タペストリー,2
お先に,2
別名,2
先人,2
主人,2
頭脳,2
警官,2
必殺,2
禁じる,2
裁ける,2
いわす,2
ふしぎ,2
ツアー,2
照準,2
器具,2
渇望,2
ピンポン,2
食器,2
とこう,2
メモ用紙,2
迅速,2
顕著,2
改修,2
女王,2
殺人,2
着席,2
特技,2
枯れる,2
上唇,2
ヘルニア,2
もつれる,2
優れる,2
タウン,2
農村,2
育毛,2
創作,2
おいで,2
納屋,2
小保,2
定型,2
イヌ,2
サラブレッド,2
占める,2
作者,2
左前,2
真人間,2
検定,2
首席,2
参入,2
ドラマ,2
お宝,2
思いっ切り,2
祝い金,2
製品,2
観念,2
バリ,2
埋もれる,2
サジェストする,2
新日フィル,2
カマ,2
都庁,2
食いつぶす,2
日焼け,2
命名,2
あき,2
しの,2
うっかり,2
テストケース,2
執念,2
強烈,2
チャイルド,2
片隅,2
メソッド,2
かま,2
飲料,2
オヤジ,2
シメ,2
はれる,2
通れる,2
おもらし,2
書道,2
マッチング,2
レスリング,2
幾三,2
最中,2
守護神,2
ケチ,2
プラグ,2
装う,2
思い立つ,2
早くから,2
かまける,2
途切れる,2
富む,2
トナカイ,2
レモン,2
染み付く,2
クイズ,2
異物,2
この間,2
伺う,2
遺物,2
加わる,2
めまい,2
裂ける,2
中盤,2
ジャブ,2
仕業,2
暗に,2
すっとぼける,2
暫定,2
勝ち誇る,2
ハラハラ,2
搾る,2
血の気,2
建て,2
細心,2
アリア,2
間際,2
鉄線,2
努める,2
置き場,2
上野毛,2
心持ち,2
生還,2
光秀,2
アテレコ,2
シチュー,2
助詞,2
レパートリー,2
積み込む,2
凄まじい,2
噛み付く,2
人魚,2
たつき,2
暗闇,2
フライデー,2
オードリー,2
話し合う,2
はずかしい,2
オーバーラン,2
文頭,2
食材,2
内訳,2
匂わせる,2
平穏,2
題材,2
一目,2
前立腺,2
約款,2
放任,2
生やす,2
直撃,2
扶養,2
横向き,2
金持,2
明智,2
川村,2
ピンピン,2
戦後,2
火傷,2
カッター,2
くぎ,2
経緯,2
端折る,2
取り柄,2
据え置き,2
相まって,2
部門,2
暗譜,2
イントネーション,2
テディベア,2
にがす,2
えと,2
カーン,2
最前,2
防水,2
西口,2
短め,2
孤島,2
熱風,2
地下街,2
オンライン,2
連弾,2
フォルテ,2
海鮮,2
時給,2
洗練,2
半裸,2
シェイク,2
関東,2
間にあう,2
反論,2
晩餐,2
真正面,2
口論,2
指示,2
悪食,2
崇める,2
無敗,2
カウントダウン,2
身分,2
プロポーズ,2
ノイズ,2
ピアニスト,2
リクエスト,2
逢坂,2
式典,2
ボレロ,2
グラハム,2
ジュン,2
出典,2
影武者,2
じゅん,2
こおる,2
喜べる,2
野茂,2
鈍い,2
ション,2
喪失,2
コンサート,2
ニューイヤー,2
はるの,2
一切,2
本郷,2
手順,2
競う,2
霜焼け,2
たんす,2
そちら,2
バレー,2
沸く,2
部落,2
細切れ,2
文明,2
客演,2
わら,2
取り掛かる,2
それとも,2
鋭い,2
ストレート,2
斜め,2
プレックス,2
きたん,2
全集,2
捏造,2
気候,2
回想,2
ガエル,2
根っから,2
浸透,2
週刊,2
半数,2
万全,2
シュート,2
わいわい,2
魔境,2
突き落とす,2
観点,2
就く,2
むずかしい,2
死に体,2
明い,2
申し込む,2
高尚,2
満腹,2
遺産,2
千手観音,2
切り上げる,2
心入れ,2
谷保,2
歴代,2
ショット,2
お祈り,2
マズルカ,2
ろくな,2
中小,2
台本,2
憤る,2
サーフィン,2
陣営,2
レナ,2
英字,2
ゲーデル,2
のり,2
探せる,2
主役,2
臨場,2
しこ,2
如実,2
ウマ,2
読売,2
突き,2
ゆでる,2
デリバリー,2
厳選,2
哀しい,2
田町,2
はけ,2
ドンファン,2
シガレット,2
湿布,2
駆け込み,2
技量,2
ソチ,2
主催,2
とえる,2
配分,2
みな,2
弓矢,2
紅蓮,2
加入,2
深爪,2
あそぶ,2
半田,2
乃木坂,2
汚れ,2
北口,2
エニックス,2
すんなり,2
一休み,2
杉内,2
お釣り,2
灰色,2
はむ,2
馴染める,2
仕掛ける,2
整数,2
寝袋,2
あわせる,2
級数,2
始球,2
のぞみ,2
ミカン,2
タワー,2
プラネタリウム,2
小文字,2
リース,2
うなる,2
池尻大橋,2
マンション,2
雨上がり,2
値する,2
大文字,2
口頭,2
どっと,2
丸の内,2
ウキウキ,2
片手間,2
ナウい,2
ポロ,2
最下位,2
カプセル,2
薬局,2
血糖,2
通り越す,2
被う,2
スリリング,2
コラム,2
じわじわ,2
苦悶,2
動かせる,2
大賞,2
溶け,2
懇意,2
名演,2
出回る,2
ならぶ,2
写像,2
購買,2
振り分ける,2
すっと,2
一生懸命,2
レベルアップ,2
極意,2
真壁,2
ムード,2
咄嗟,2
別件,2
流星,2
信心,2
昇華,2
あやい,2
高温,2
淡い,2
仮想,2
逸れる,2
吸える,2
わかつ,2
完走,2
デュアル,2
ねぐ,2
中だるみ,2
真相,2
クラい,2
飲ます,2
優勝,2
不死鳥,2
そこで,2
黙々と,2
久保,2
イージー,2
飢餓,2
騒動,2
にこにこ,2
尽く,2
総計,2
活用,2
鼻水,2
目安,2
飽和,2
とんと,2
楽勝,2
常時,2
苦笑い,2
ジミ,2
真冬,2
ハミング,2
南半球,2
移調,2
混合,2
怯える,2
言い出す,2
バリュー,2
バル,2
試行錯誤,2
振り分け,2
加算,2
累々,2
密集,2
死屍,2
役立つ,2
幅広い,2
馴れ合う,2
拭き取る,2
おうおう,2
妥当,2
ギタリスト,2
新手,2
しんどい,2
街灯,2
レンチ,2
すさむ,2
いっす,2
われ,2
ビリ,2
あふる,2
表れ,2
南口,2
ミステリー,2
突入,2
星空,2
弥生,2
滞納,2
そのうち,2
希薄,2
まてる,2
縄跳び,2
若者,2
握手,2
先見,2
視覚,2
節分,2
柔らか,2
突発,2
ワセ,2
ライダー,2
立ち止まる,2
宵越し,2
事項,2
草川,2
目処,2
はみ出る,2
ハイボール,2
衰退,2
ルーム,2
かくれんぼ,2
三ツ境,2
同じく,2
ぶつぶつ,2
一日中,2
シェア,2
魔法瓶,2
切らす,2
億劫,2
愁傷,2
一女,2
ばてる,2
どうのこうの,2
使いこなす,2
ミスター,2
遅らせる,2
ヨーロッパ,2
懲りる,2
バイク,2
見渡す,2
頂戴,2
思いだす,2
スタンバイ,2
もうちょい,2
ファンタジー,2
越後製菓,2
愚か,2
ゴロ,2
抜き打ち,2
夜勤,2
新型,2
露骨,2
新生児,2
技巧,2
称す,2
レニングラード,2
ましま,2
べたべた,2
アプローチ,2
抜群,2
ノースリーブ,2
みなと,2
スラスラ,2
すらすら,2
研修,2
愕然,2
ゴジラ,2
巡り,2
とろり,2
取り上げる,2
落差,2
余白,2
ワープロ,2
化粧,2
日大,2
割引,2
確かめる,2
温暖,2
下がり,2
躍る,2
退職,2
有利,2
附属,2
人目,2
欲張る,2
オペレーター,2
バター,2
ソファ,2
お腰,2
基地,2
呼びかける,2
チェア,2
のこぎり,2
くだり,2
プレゼン,2
猫舌,2
有害,2
虫歯,2
交番,2
不用意,2
ベーコン,2
白々しい,2
ハー,2
ほうれん草,2
破ける,2
不能,2
添付,2
住人,2
引き取る,2
エミュレート,2
乳酸,2
格闘,2
自我,2
サンタクロース,2
追い越す,2
コツコツ,2
デマ,2
度胸,2
どの人,2
名刺,2
後先,2
琴線,2
表明,2
脱獄,2
使い分け,2
ひさえ,2
出来心,2
刈穂,2
楽屋裏,2
知恵袋,2
氾濫,2
授かる,2
原液,2
コンソメ,2
坊さん,2
ねめる,2
添い寝,2
感銘,2
ギブアップ,2
半々,2
裂く,2
道祖神,2
粘体,2
またす,2
駆ける,2
ちなむ,2
とうに,2
へこむ,2
ウェストサイド,2
ひむ,2
勢力,2
休養,2
クリエイティブ,2
名札,2
変遷,2
バッティング,2
シュークリーム,2
アルカリ性,2
とっく,2
私鉄,2
反乱,2
びく,2
利口,2
裁縫,2
魔神,2
表れる,2
大吉,2
帯電,2
換える,2
誤算,2
先端,2
頻出,2
祖父母,2
大江戸,2
父方,2
試走,2
つぎ込む,2
バカヤロー,2
解体,2
出歩く,2
号車,2
お断り,2
箱根,2
子守,2
囲碁,2
権利,2
貧乏揺すり,2
三ヶ日,2
セーヌ,2
フィット,2
カデンツァ,2
下丸子,2
車庫,2
はま,2
ジョン,2
転落,2
格付け,2
週休,2
長期間,2
造詣,2
マトリックス,2
今や,2
手直し,2
次男,2
断片,2
じす,2
メス,2
大概,2
一年中,2
バツ,2
霞む,2
やいやい,2
財力,2
まよう,2
恵まれる,2
東洋,2
影山,2
ボリューム,2
大家,2
ラ王,2
惑う,2
乗り遅れる,2
チクチク,2
縮める,2
在学,2
コンテンツ,2
ノズル,2
新曲,2
泣き叫ぶ,2
悲しむ,2
インスタント,2
アメリカン,2
指名,2
ブラウン,2
訪問,2
共用,2
トレイ,2
僻む,2
教官,2
ダジャレ,2
平安,2
ネズミ,2
有益,2
台場,2
ごっこ,2
憑かれる,2
ホリデー,2
飛び火,2
早足,2
奥多摩,2
水滴,2
曼荼羅,2
マンデラ,2
上天,2
ストリーム,2
くず,2
ボク,2
ぱくる,2
右肩,2
酒屋,2
たまねぎ,2
端くれ,2
オンパレード,2
亡霊,2
習字,2
書出す,2
インディカ,2
マニュアル,2
真っ白,2
心象,2
機内,2
ジンバブエ,2
ふよ,2
がっちり,2
スケート,2
スイスイ,2
クイック,2
ソート,2
かられる,2
自家製,2
日食,2
甲高い,2
終点,2
高輪,2
絶縁,2
威風,2
メタル,2
冷汗,2
不吉,2
御大,2
良作,2
ディフェンス,2
来年度,2
藤田,2
主席,2
媚薬,2
矢部,2
場違い,2
梨花,2
清純,2
貴殿,2
髪型,2
まもる,2
留る,2
委員,2
占う,2
内観,2
朝夕,2
欠かす,2
対人,2
ハラスメント,2
傷める,2
レオ,2
かなえる,2
朝方,2
くやしい,2
パスポート,2
区切れる,2
網棚,2
モニタ,2
譲治,2
国士舘,2
駒沢,2
際立つ,2
帯域,2
華やか,2
履行,2
手塚,2
在住,2
きい,2
コナン,2
下山,2
コントラバス,2
鶏肉,2
緩徐,2
文学,2
カタルシス,2
非国民,2
元凶,2
あせる,2
盗聴,2
裏声,2
お母さん,2
発覚,2
生ぬるい,2
気絶,2
アスカ,2
大統領,2
封筒,2
新大久保,2
推する,2
冬眠,2
疎か,2
タップ,2
駐車,2
はいれる,2
腫れる,2
やんちゃ,2
おえる,2
偽名,2
でき,2
タマネギ,2
こたえる,2
流れ弾,2
ソプラノ,2
応用,2
嫌気,2
レーザー,2
コンスタント,2
居座る,2
くるり,2
ねだる,2
手法,2
理る,2
能率,2
おもる,2
ふつう,2
戯れる,2
そうだ,2
大湯,2
ピチカート,2
入荷,2
わし,2
寝かす,2
連投,2
代替,2
疾走,2
くに,2
広々,2
ビジネス,2
ユーモア,2
ますます,2
恣意,2
おおえる,2
カフェイン,2
厚着,2
和歌,2
論法,2
合法,2
極めて,2
日傘,2
違法,2
産む,2
風呂敷,2
失態,2
産婦人科,2
オーク,2
急上昇,2
潰し,2
雑談,2
軽やか,2
力士,2
阪大,2
のぼる,2
取りだす,2
追って,2
ターニングポイント,2
懐かしむ,2
石油,2
油田,2
前歯,2
ポル,2
あかす,2
号線,2
ハト,2
しば,2
売春,2
ミエ,2
グリス,2
発汗,2
性病,2
風格,2
記事,2
前かがみ,2
凶器,2
欲情,2
ノア,2
海浜幕張,2
朝鮮,2
錠剤,2
目玉焼き,2
スタジオ,2
粗相,2
二番煎じ,2
照合,2
目視,2
通年,2
明治,2
阿片,2
ピーナッツ,2
年々,2
モル,2
棒読み,2
兄妹,2
割り算,2
乗っける,2
ハーブ,2
脅威,2
蒙る,2
使い慣れる,2
冷え,2
きそう,2
塚原,2
ごくごく,2
ボン,2
気まぐれ,2
アーサー,2
ぐする,2
素股,2
退治,2
伝記,2
とことん,2
岩内,2
物凄い,2
はさ,2
保障,2
不一致,2
燃え尽きる,2
じき,2
足掻く,2
永井,2
つややか,2
にわか,2
アラビア,2
むなしい,2
煮込み,2
空前絶後,2
悩ます,2
噛み締める,2
仏典,2
でっぱる,2
ソウル,2
