tweet_id,tweet,user_id,user_name,user_screen_name,timestamp,retweets,favourites
23280467562209282,ガンダムブラウザウォーズ - Y!モバゲーに入会で今なら1万円!? #ymbga http://yahoo-mbga.jp/game/12003026?_ref=aff%3Dygb233.esEQ2a20c0c …,161897345,OT,TAKAYUKI_45,2011-01-07 16:31:10,0,0
81585981941235712,ＳＡＢＲ４５で無限のオイルに交換中,161897345,OT,TAKAYUKI_45,2011-06-17 13:56:28,0,0
83074083893415937,髪□染めようかな,161897345,OT,TAKAYUKI_45,2011-06-21 16:29:39,0,0
83095348213587968,美容室休みだった（泣）,161897345,OT,TAKAYUKI_45,2011-06-21 17:54:09,0,0
84037275486388224,今日こそ髪染めに行くぞ！,161897345,OT,TAKAYUKI_45,2011-06-24 08:17:02,0,0
105418241773547520,今、耳鼻咽喉科に居ますo(^▽^)o,161897345,OT,TAKAYUKI_45,2011-08-22 08:17:22,0,0
106526123919294464,８月２８日（日）「Ｓ‐１ ＧＲＡＮＤ ＰＲＩＸ ＳＴＲＥＥＴ ＭＥＥＴ’２０１１」開催！ #minkara http://minkara.carview.co.jp/userid/501229/blog/23603257/ … via @minkara,161897345,OT,TAKAYUKI_45,2011-08-25 09:39:41,0,0
110929679191519232,マックで食べた後山形に行きますo(^▽^)o,161897345,OT,TAKAYUKI_45,2011-09-06 13:17:51,0,0
113038905347018753,今日も山形に行ってきます□,161897345,OT,TAKAYUKI_45,2011-09-12 08:59:09,0,0
114121600776937474,今日は給料日なので支払いとオートバックスに買い物に行きます！,161897345,OT,TAKAYUKI_45,2011-09-15 08:41:24,0,0
114188183150936064,オートバックスでローダウンジャッキ買ってきた！  てか重い（泣）,161897345,OT,TAKAYUKI_45,2011-09-15 13:05:59,0,0
115582829714358273,今から山形に行きますo(^▽^)o,161897345,OT,TAKAYUKI_45,2011-09-19 09:27:48,0,0
117937564811395072,iPhoneが昨日の夜から圏外になってしまい電源の入れ直しでも改善せずＳＩＭを入れ直しでも改善せず（泣） 会社の人のＳＩＭを入れたら電波が入り自分のＳＩＭを入れたら直りました（笑）,161897345,OT,TAKAYUKI_45,2011-09-25 21:24:41,0,0
118345287738724352,今日はバスケしました！ てか疲れたけど楽しかった（笑） 明後日はフットサルだぁ（泣）,161897345,OT,TAKAYUKI_45,2011-09-27 00:24:50,0,0
118475118430261248,今日は山形に行って来ます□  足筋肉痛です□  温泉でも行こうかな（笑）,161897345,OT,TAKAYUKI_45,2011-09-27 09:00:44,0,0
118842178859565057,昨日、フィットに有る物を付けました！    夜が楽しみです！    ちなみにフィットは来週の月曜日完成予定です！,161897345,OT,TAKAYUKI_45,2011-09-28 09:19:18,0,0
120654355555823616,今日も山形に行ってきます□,161897345,OT,TAKAYUKI_45,2011-10-03 09:20:14,0,0
125570106683170816,@SBCare 質問です。今回のアレコレソレキャンペーンについて店頭でオンラインでも口座振替が可能と案内が有りました。実際はクレしか出来ない状態です。アイフォーン４Sを機種変更でオンラインで申し込みした状態で店頭でiPad2は契約出来ますか？教えてください。,161897345,OT,TAKAYUKI_45,2011-10-16 22:53:41,0,0
128685860530040832,INFORMATION - 11.10.24 V-ROCK FESTIVAL '11 BSフジにて放送決定！ http://v-rockfes.com/content1/?no=bef7CNFbCcFRcTcPS93gsUC … via @V_ROCK_FESTIVAL,161897345,OT,TAKAYUKI_45,2011-10-25 13:14:34,0,0
134579377462718465,２連休終っちゃうよ（泣）,161897345,OT,TAKAYUKI_45,2011-11-10 19:33:18,0,0
135004392599453697,明日も仕事だぁ（泣）  てか最近寒い（泣）,161897345,OT,TAKAYUKI_45,2011-11-11 23:42:10,0,0
135176235121770497,今から昼休みo(^▽^)o,161897345,OT,TAKAYUKI_45,2011-11-12 11:05:00,0,0
135323512146640896,今からご飯食べるぜ(^O^)／,161897345,OT,TAKAYUKI_45,2011-11-12 20:50:14,0,0
135372670735888384,風呂入ってこよ（笑）,161897345,OT,TAKAYUKI_45,2011-11-13 00:05:34,0,0
135525867630764032,今から仕事だぁ（泣）,161897345,OT,TAKAYUKI_45,2011-11-13 10:14:19,0,0
135636399012581376,今病院なう,161897345,OT,TAKAYUKI_45,2011-11-13 17:33:32,0,0
135698481061957633,最近良い事無いなぁ（泣）,161897345,OT,TAKAYUKI_45,2011-11-13 21:40:13,0,0
135870368383643648,今から耳鼻咽喉科です（泣）,161897345,OT,TAKAYUKI_45,2011-11-14 09:03:14,0,0
135888730933301248,病院混んでるよ（泣）,161897345,OT,TAKAYUKI_45,2011-11-14 10:16:12,0,0
135931461357408257,寒いよ（泣）,161897345,OT,TAKAYUKI_45,2011-11-14 13:06:00,0,0
135987201807892480,なんかスポーツカーかスポーツセダンが欲しくなってきた（笑）,161897345,OT,TAKAYUKI_45,2011-11-14 16:47:30,0,0
136073723882123264,明日は仕事だぁ（泣）,161897345,OT,TAKAYUKI_45,2011-11-14 22:31:18,0,0
136277223673053184,耳の調子悪いから仕事休みました（泣）,161897345,OT,TAKAYUKI_45,2011-11-15 11:59:56,0,0
136380864669024256,いつタイヤ交換しようかな（笑）,161897345,OT,TAKAYUKI_45,2011-11-15 18:51:46,0,0
136436167691341824,こたつが落ち着く（笑）,161897345,OT,TAKAYUKI_45,2011-11-15 22:31:31,0,0
136595219926888450,今日も耳の調子が悪い（泣）,161897345,OT,TAKAYUKI_45,2011-11-16 09:03:32,0,0
136680068041805824,今から銀行に行くかな(^O^)／ 車で行くのは面倒だけど歩いて行くのも面倒だな（笑）,161897345,OT,TAKAYUKI_45,2011-11-16 14:40:42,0,0
136683932438642688,銀行に行こうかなと思ったが寒かったから行かない事にしたし（笑）,161897345,OT,TAKAYUKI_45,2011-11-16 14:56:03,0,0
136761409198497792,松本山雅強いしo(^▽^)o,161897345,OT,TAKAYUKI_45,2011-11-16 20:03:55,0,0
136785065005944833,松本山雅勝ったし（笑） 福岡大は延長で負けたけど面白かったし（笑）,161897345,OT,TAKAYUKI_45,2011-11-16 21:37:55,0,0
136804456909127680,明日は仕事行くよ(^O^)／,161897345,OT,TAKAYUKI_45,2011-11-16 22:54:58,0,0
137182288902496257,明日オートバックスでオイル交換しようかな（笑）,161897345,OT,TAKAYUKI_45,2011-11-17 23:56:21,0,0
137216794950778880,寝ます(^O^)／ おやすみなさいo(^▽^)o,161897345,OT,TAKAYUKI_45,2011-11-18 02:13:27,0,0
138217873427542016,昨日から鼻がムズムズする（泣）,161897345,OT,TAKAYUKI_45,2011-11-20 20:31:23,0,0
139666383335194624,ノドがイガイガする（泣）,161897345,OT,TAKAYUKI_45,2011-11-24 20:27:15,0,0
139681001453527040,てきとうに番組変えたらＬＭ．Ｃが流れてた（笑）,161897345,OT,TAKAYUKI_45,2011-11-24 21:25:20,0,0
139712983268999168,鼻水もヤバイよ（泣）,161897345,OT,TAKAYUKI_45,2011-11-24 23:32:25,0,0
140047401397391361,明日も仕事だぁ（泣）,161897345,OT,TAKAYUKI_45,2011-11-25 21:41:17,0,0
140435131725914113,今日はめっちゃ耳が痛かった（泣）,161897345,OT,TAKAYUKI_45,2011-11-26 23:21:59,0,0
140776096718266368,明日は休みだぁ(^O^)／ 洗車しよう（笑）,161897345,OT,TAKAYUKI_45,2011-11-27 21:56:51,0,0
163476925388562432,"【神アプリたち プレゼント企画】スマホクリーナー by スマホ石川 を""20名様""にプレゼント!! @kamiapp http://goo.gl/Ee9o5  #iphonejp",161897345,OT,TAKAYUKI_45,2012-01-29 13:21:50,0,0
170844681842855936,"#レッドカーペット
ルフィかよ（笑）",161897345,OT,TAKAYUKI_45,2012-02-18 21:18:40,0,0
170847570673930240,パンクブーブーのメガネの色素晴らしい#レッドカーペット,161897345,OT,TAKAYUKI_45,2012-02-18 21:30:09,0,0
170847767667818496,"なだぎきたぁー
#レッドカーペット",161897345,OT,TAKAYUKI_45,2012-02-18 21:30:56,0,0
170851094631682048,"#レッドカーペット 
ヒゲかっこいい（笑）",161897345,OT,TAKAYUKI_45,2012-02-18 21:44:09,0,0
170852409311105025,"#レッドカーペット 
シンデレラハネムーンを聴くとコロッケを面白いだす（笑）",161897345,OT,TAKAYUKI_45,2012-02-18 21:49:23,0,0
196790995956940800,今から友達と遊びに行ってくます（笑）,161897345,OT,TAKAYUKI_45,2012-04-30 11:40:04,0,0
196908888883347456,今帰ってきた＼(^o^)／ てか暇だぁ（笑）,161897345,OT,TAKAYUKI_45,2012-04-30 19:28:32,0,0
196968412927377408,明日、朝早いので寝ますo(^▽^)o お休みなさい(^O^)／,161897345,OT,TAKAYUKI_45,2012-04-30 23:25:03,0,0
197087560286216192,今から準備して出かけますo(^▽^)o,161897345,OT,TAKAYUKI_45,2012-05-01 07:18:30,0,0
197181544350228481,耳をすませばを観ようと（笑）,161897345,OT,TAKAYUKI_45,2012-05-01 13:31:58,0,0
197215549527310336,耳をすませば見終わった(^O^)／ 次はとなりのトトロ観ようと（笑）,161897345,OT,TAKAYUKI_45,2012-05-01 15:47:05,0,0
197243686017449984,電話が来ない（泣）,161897345,OT,TAKAYUKI_45,2012-05-01 17:38:54,0,0
197273821034713089,電話来ないとことはダメだったのかな（泣）,161897345,OT,TAKAYUKI_45,2012-05-01 19:38:38,0,0
206356348370300928,杉ちゃん来たぜぇ～#レッドカーペット,161897345,OT,TAKAYUKI_45,2012-05-26 21:09:22,0,0
210289953060552704,出勤日決まった(＾ｰ^)ノ 明後日から働くし（笑）,161897345,OT,TAKAYUKI_45,2012-06-06 17:40:06,0,0
210335191145791489,たかみなは６位かぁ（笑）,161897345,OT,TAKAYUKI_45,2012-06-06 20:39:52,0,0
210652451223777280,明日は顔合わせだけど担当者より連絡が来ない（泣）,161897345,OT,TAKAYUKI_45,2012-06-07 17:40:32,0,0
210933865232076801,今から準備し職場に行くぞ( ´ ▽ ` )ﾉ,161897345,OT,TAKAYUKI_45,2012-06-08 12:18:47,0,0
210954365412982784,２時からだったけど担当者がクレームで間に合わないから１６時に変更（泣）もう職場の近くなのに（笑）,161897345,OT,TAKAYUKI_45,2012-06-08 13:40:14,0,0
211030962165911552,説明は直ぐに終わった（笑）明日から仕事だぁ( ´ ▽ ` )ﾉ頑張らなきゃ(^O^)／,161897345,OT,TAKAYUKI_45,2012-06-08 18:44:36,0,0
211055910674628608,日本代表調子良いね（笑）,161897345,OT,TAKAYUKI_45,2012-06-08 20:23:44,0,0
211324445862801408,今日は初出勤！ 初日からiPhone一台売れた（笑）,161897345,OT,TAKAYUKI_45,2012-06-09 14:10:48,0,0
211419110670737408,仕事終わったヾ(＠⌒ー⌒＠)ノ久しぶりの立ち仕事だから足がかなり痛い（泣）あしたも仕事だぁ（泣）,161897345,OT,TAKAYUKI_45,2012-06-09 20:26:58,0,0
211471628532580352,明日も頑張るぞ！ てか明日行くと二連休だし（笑）,161897345,OT,TAKAYUKI_45,2012-06-09 23:55:39,0,0
211608428936822785,今日も仕事頑張ります！,161897345,OT,TAKAYUKI_45,2012-06-10 08:59:15,0,0
211787983408480256,仕事終わったヾ(＠⌒ー⌒＠)ノ 今日もiPhone売れたヾ(＠⌒ー⌒＠)ノ 明日から２連休だぁ（笑）,161897345,OT,TAKAYUKI_45,2012-06-10 20:52:44,0,0
211832527080534016,蚊に顔刺された（泣） 痒い（泣） とりあえずクリームのムヒ塗った！ そしたら蚊を発見！！ シマツしました（笑）,161897345,OT,TAKAYUKI_45,2012-06-10 23:49:44,0,0
212892148360675328,６月１６日（土）仙台ハイランドで「Ｓ-１ Ｎｉｇｈｔ」開催！ #minkara http://minkara.carview.co.jp/userid/501229/blog/26795397/ … @minkaraさんから,161897345,OT,TAKAYUKI_45,2012-06-13 22:00:18,0,0
214708893694164992,明日も仕事だぁ( ´ ▽ ` )ﾉ,161897345,OT,TAKAYUKI_45,2012-06-18 22:19:24,0,0
215445335626104833,なんか最近、左耳の耳たぶが痒い（笑）,161897345,OT,TAKAYUKI_45,2012-06-20 23:05:45,0,0
216502421835358208,今日はiPhone一台売れたヾ(＠⌒ー⌒＠)ノ,161897345,OT,TAKAYUKI_45,2012-06-23 21:06:14,0,0
218493773561335808,今から仙台ハイランド向けて準備します□,161897345,OT,TAKAYUKI_45,2012-06-29 08:59:09,0,0
218527219931299840,集合時間よりかなり早く仙台ハイランドに着いちゃった（笑）,161897345,OT,TAKAYUKI_45,2012-06-29 11:12:03,0,0
218628282428559362,ハイランドで走ってきましたヾ(＠⌒ー⌒＠)ノ もっと早く走らないと（泣）,161897345,OT,TAKAYUKI_45,2012-06-29 17:53:39,0,0
231598664139808768,やばい胃もたれしてて辛い（泣） ただ前に病院から貰った薬が有ったので飲んだ＼(^o^)／,161897345,OT,TAKAYUKI_45,2012-08-04 12:53:19,0,0
232814743717552128,やっぱ小室哲哉良いなぁヾ(＠⌒ー⌒＠)ノ 小室サウンド最高（笑） てか最近ＡＫＢが可愛く見えてきた（笑）,161897345,OT,TAKAYUKI_45,2012-08-07 21:25:35,0,0
233570183917219841,http://mixi.at/ad3vZfh  昨日、ＦＩＴ仲間と昨日出来た三陸道の春日ＰＡに行って来ました(=´∀｀)人(´∀｀=) 自分の予想はトイレと自販機ぐらいかなと思いきやミニストップとレストランが有りました（笑） オフに使えそう（笑） 俺の車が浮いてる（笑）,161897345,OT,TAKAYUKI_45,2012-08-09 23:27:26,0,0
234625623857954817,またまた春日パーキングエリアに行きました( ´ ▽ ` )ﾉ pic.twitter.com/zYcTnSDm,161897345,OT,TAKAYUKI_45,2012-08-12 21:21:23,0,0
234625752799252480,第二弾 pic.twitter.com/WoFw1nrx,161897345,OT,TAKAYUKI_45,2012-08-12 21:21:54,0,0
234625901785149441,スーパーオートバックスルート４５でオイル交換 pic.twitter.com/J0IZt588,161897345,OT,TAKAYUKI_45,2012-08-12 21:22:29,0,0
234668461102624768,なんか最近、カメムシが家の中に居た（泣） 今日は三匹いた（泣）,161897345,OT,TAKAYUKI_45,2012-08-13 00:11:35,0,0
235033582953984000,http://mixi.at/ad8CYb4  今日、車でラジオ聴いてたら丁度掛けてたラジオ局の所通ったし（笑）,161897345,OT,TAKAYUKI_45,2012-08-14 00:22:27,0,0
238623077393637376,"ホイール履いたヾ(＠⌒ー⌒＠)ノ

ARLINE AL02 18/7.5J/100
NANKANG NS-2 205/35R18 81H XL pic.twitter.com/gRK4MHaF",161897345,OT,TAKAYUKI_45,2012-08-23 22:05:50,0,0
238623224320114688,フロント pic.twitter.com/QuZNhzWW,161897345,OT,TAKAYUKI_45,2012-08-23 22:06:25,0,0
238623303575687168,リア pic.twitter.com/qsgRnpXo,161897345,OT,TAKAYUKI_45,2012-08-23 22:06:44,0,0
238623409460883456,こんな感じにしたいなぁ（笑） pic.twitter.com/l7Q29XgG,161897345,OT,TAKAYUKI_45,2012-08-23 22:07:09,0,0
239327605701099520,てか、今日めっちゃ疲れた（泣） 仕事中ボーっとしてたし（笑）,161897345,OT,TAKAYUKI_45,2012-08-25 20:45:22,0,0
239705642586234880,てか、今日も疲れた（泣） 今日は久しぶりに一時間以上の残業したし（笑） 明日行けば休みだぁヾ(＠⌒ー⌒＠)ノ 明日も頑張るぞ（笑）,161897345,OT,TAKAYUKI_45,2012-08-26 21:47:33,0,0
239718917604528129,てか久しぶりに金爆をテレビで見た（笑）,161897345,OT,TAKAYUKI_45,2012-08-26 22:40:18,0,0
240285747456929792,今から派遣会社に面談しに街中に行きますヾ(＠⌒ー⌒＠)ノ 終わったらアップルストアにiPhone見てもらいに行きます（笑）,161897345,OT,TAKAYUKI_45,2012-08-28 12:12:41,0,0
240448786747514880,今日は派遣会社に面談に行っていろいろ有りましたが頑張ります＼(^o^)／ 面談終わった後、アップルストアに行ってiPhone交換しました（笑） その後はフイット仲間とカインズホームでヘルメットとか買いましたヾ(＠⌒ー⌒＠)ノ,161897345,OT,TAKAYUKI_45,2012-08-28 23:00:32,0,0
240469146511503360,パソコンを初期化するのでデータをバックアップしたぞ（笑） 明後日、残りの分を終わらせて初期化して入れ直すぞ（泣） 後は新しく買ったプリンターと無線ＬＡＮを設定するぞ（笑）,161897345,OT,TAKAYUKI_45,2012-08-29 00:21:26,0,0
241023143764967424,http://mixi.at/ado2Xb9  あ〜疲れた（泣） とりあえずパソコンを置いている机を整理と掃除をして今パソコンを初期化中（笑） てかハードディスクが容量が大きいのでフォーマットに時間掛かる（泣） 終わったら親と富谷のカインズホームに行かないと（笑）,161897345,OT,TAKAYUKI_45,2012-08-30 13:02:50,0,0
241038508486189058,http://mixi.at/adoiYcG  パソコンのハードディスクをフォーマットしてる最中にプリンターの初期設定したし（笑）,161897345,OT,TAKAYUKI_45,2012-08-30 14:03:53,0,0
241530756244062209,とりあえず昨日、パソコン設定した＼(^o^)／ 今日はネット接続完成ヾ(＠⌒ー⌒＠)ノ後、セキュリティソフトはYahoo!BBのノートン入れてみた（笑） 次はプリンターとＰＣとの接続しよ（笑） てか津波注意報ででる（泣）,161897345,OT,TAKAYUKI_45,2012-08-31 22:39:54,0,0
241868441722699776,よしベガルタ仙台勝って広島が引き分けたので単独首位（笑）,161897345,OT,TAKAYUKI_45,2012-09-01 21:01:44,0,0
241907121116033024,今日はパソコンとプリンターの接続をしてオーディオデバイスを入れ完了＼(^o^)／ 次はソフトをインストールとプリンターをルーターに繋ぐぞ（笑） てか今日の帰り道燃費１５kでした（笑）,161897345,OT,TAKAYUKI_45,2012-09-01 23:35:26,0,0
243203641023016961,昼休みなう（笑） てか頭痛い（泣） 偏頭痛だぁ（泣） てか鎮痛剤無いよ（笑）,161897345,OT,TAKAYUKI_45,2012-09-05 13:27:21,0,0
243249409100500992,鎮痛剤飲んだけど少ししか効いてない（泣） てか今日めっちゃ仕事暇（泣）,161897345,OT,TAKAYUKI_45,2012-09-05 16:29:13,0,0
244629553585213440,てかめっちゃ眠い(( _ _ ))..zzzZZ 今にも寝そう（笑） 仕事頑張らないと（泣）,161897345,OT,TAKAYUKI_45,2012-09-09 11:53:25,0,0
244757280208347137,今日はとにかく眠かった（笑） 明日行けばまた２連休だぁ＼(^o^)／,161897345,OT,TAKAYUKI_45,2012-09-09 20:20:57,0,0
245006824154222592,今日は仕事が暇過ぎる（笑） 今日行けば明日から２連休だぁ＼(^o^)／,161897345,OT,TAKAYUKI_45,2012-09-10 12:52:33,0,0
246099494079455232,来月から仕事が大変になるよ（泣）,161897345,OT,TAKAYUKI_45,2012-09-13 13:14:26,0,0
246457740006920193,四時からiPhone予約開始＼(^o^)／ お客さん来るかな（笑）,161897345,OT,TAKAYUKI_45,2012-09-14 12:57:58,0,0
246566315832266754,てかなんか疲れた（泣） 明日も仕事頑張ろう(=´∀｀)人(´∀｀=),161897345,OT,TAKAYUKI_45,2012-09-14 20:09:25,0,0
246808087971897346,土曜日なのに暇だぁ（笑）,161897345,OT,TAKAYUKI_45,2012-09-15 12:10:08,0,0
247290258323038209,４勤目終了＼(^o^)／ 明日行けば休みだぁ（笑） てかめっちゃ疲れた（泣） 明日も頑張ろう(=´∀｀)人(´∀｀=),161897345,OT,TAKAYUKI_45,2012-09-16 20:06:06,0,0
247652559106473984,ようやく５連勤終わったヾ(＠⌒ー⌒＠)ノ 明日はアップガレージに行ってみようかな（笑） てか来週平日研修除けば全部休みだ（笑）,161897345,OT,TAKAYUKI_45,2012-09-17 20:05:45,0,0
247854740417966080,とりあえず今日は郵便局が来てからアップガレージに行くぞヾ(＠⌒ー⌒＠)ノ,161897345,OT,TAKAYUKI_45,2012-09-18 09:29:09,0,0
248019541614002177,とりあえずフィットにナンバーステー付けた（笑） なんかボルトを緩めてくださいって書いてたから緩めたら止めてあったボルトが吹っ飛んだ（笑） 一つなくしたけど代用（笑） とりあえずいかつくなったかな（笑） 画像は明日載せます（笑）,161897345,OT,TAKAYUKI_45,2012-09-18 20:24:01,0,0
248274429870764032,今日めっちゃ暇（泣） てか右足の親指が痛い（泣）,161897345,OT,TAKAYUKI_45,2012-09-19 13:16:51,0,0
248385444729999360,足の指が痛かったのに今は全然触っても痛くない（笑） なんだったんだろ（笑）,161897345,OT,TAKAYUKI_45,2012-09-19 20:37:59,0,0
248634317453021184,今日はやること多くて忙しい（泣） てか耳が痛い（泣）,161897345,OT,TAKAYUKI_45,2012-09-20 13:06:55,0,0
249466845978034177,なんか今日疲れた（泣） 今日、突然大量に汗かいて気持ち悪くなったし（泣） 明日行けば実質５連休だぁ（笑）,161897345,OT,TAKAYUKI_45,2012-09-22 20:15:05,0,0
249830332663205888,ようやく５連勤終わった＼(^o^)／ 明日から実質５連休だぁo(^▽^)o なにしようかな（笑）,161897345,OT,TAKAYUKI_45,2012-09-23 20:19:27,0,0
271640448714547201,刃物男、信金立てこもり＝職員4人が人質、客1人解放―「野田首相辞めろ」・愛知（時事通信） - Y!ニュース http://headlines.yahoo.co.jp/hl?a=20121122-00000194-jij-soci …,161897345,OT,TAKAYUKI_45,2012-11-23 00:45:04,0,0
271640947224375296,オルフェーヴルは大外8枠17番、凱旋門賞馬ソレミア7枠14番/JC枠順（netkeiba.com） - Y!ニュース http://headlines.yahoo.co.jp/hl?a=20121122-00000002-kiba-horse …,161897345,OT,TAKAYUKI_45,2012-11-23 00:47:03,0,0
289380755845570560,えっ！マジで！！100％現金交換できる懸賞アプリがあるなんて！ https://itunes.apple.com/jp/app/id587739974?l=ja&ls=1&mt=8 …,161897345,OT,TAKAYUKI_45,2013-01-10 23:38:43,0,0
292501418252849153,金爆、前田敦子、香川真司が「白戸家」加入（オリコン） - Y!ニュース http://headlines.yahoo.co.jp/hl?a=20130118-00000319-oric-ent …,161897345,OT,TAKAYUKI_45,2013-01-19 14:19:07,0,0
296020336519024640,プーさんの声 亀山さん死去 http://dailynews.yahoo.co.jp/fc/domestic/obituary/?id=6070199 …,161897345,OT,TAKAYUKI_45,2013-01-29 07:22:02,0,0
297947209826189312,いざという時にコンドームを宅配してくれるアプリ『SOS Condoms』がすごい！ ※ただしドバイ限定 #かみあぷ http://www.appps.jp/archives/2022883.html …,161897345,OT,TAKAYUKI_45,2013-02-03 14:58:45,0,0
299506955804876800,戸崎圭太騎手が合格！ＪＲＡ騎手免許試験合格者発表（サンケイスポーツ） - Y!ニュース http://headlines.yahoo.co.jp/hl?a=20130207-00000509-sanspo-horse …,161897345,OT,TAKAYUKI_45,2013-02-07 22:16:37,0,0
300242078577876993,高嶋活士騎手が落馬負傷…意識取り戻す（サンケイスポーツ） - Y!ニュース http://headlines.yahoo.co.jp/hl?a=20130209-00000560-sanspo-horse …,161897345,OT,TAKAYUKI_45,2013-02-09 22:57:44,0,0
302574832061648896,小室哲哉がC型肝炎を告白 http://dailynews.yahoo.co.jp/fc/entertainment/tetsuya_komuro/?id=6071817 …,161897345,OT,TAKAYUKI_45,2013-02-16 09:27:16,0,0
302789290289684481,日本一社員が幸せな会社の社長が説くデフレ脱却策 - Y!ニュース BUSINESS http://newsbiz.yahoo.co.jp/detail?a=20130120-00010000-soga-nb … #yjnewsbiz,161897345,OT,TAKAYUKI_45,2013-02-16 23:39:27,0,0
303090394030297089,他人のチョコ盗んだ４４歳男「ほしかった」 : 社会 : YOMIURI ONLINE（読売新聞） http://www.yomiuri.co.jp/national/news/20130216-OYT1T01068.htm?from=tw …,161897345,OT,TAKAYUKI_45,2013-02-17 19:35:55,0,0
310716753212764160,"さすがフェラーリ！ Siriに加え2台のiPad miniを「フェラーリ・フォー」に搭載することを発表
#かみあぷ http://www.appps.jp/archives/2034083.html …",161897345,OT,TAKAYUKI_45,2013-03-10 20:40:21,0,0
313262194110373888,"47％が「時間がない」＝がん検診受けぬ理由―内閣府調査（時事通信） - Y!ニュース http://headlines.yahoo.co.jp/hl?a=20130316-00000084-jij-soci …
だからガン増えるんだよね（泣）",161897345,OT,TAKAYUKI_45,2013-03-17 21:15:01,0,0
350086938465804289,「ＮＨＫ　外国語使いすぎ」　精神的苦痛、慰謝料求め提訴（産経新聞） - Y!ニュース http://headlines.yahoo.co.jp/hl?a=20130627-00000119-san-soci …,161897345,OT,TAKAYUKI_45,2013-06-27 12:03:25,0,0
359675673176064000,地方競馬で４１２７勝の元騎手、知人を殴り逮捕（読売新聞） - Y!ニュース http://headlines.yahoo.co.jp/hl?a=20130723-00000398-yom-soci …,161897345,OT,TAKAYUKI_45,2013-07-23 23:05:37,0,0
359840619457286145,YOSHIKIが約8年ぶりソロアルバム　9月に全世界発売（オリコン） - Y!ニュース http://headlines.yahoo.co.jp/hl?a=20130723-00000335-oric-ent …,161897345,OT,TAKAYUKI_45,2013-07-24 10:01:03,0,0
364216088503910402,"新作の競走馬育成ゲーム『ダービーインパクト』をはじめました！一緒に最強馬を作ろう！ #ダビパク
【プレゼントが貰える招待コード】228618844 http://www.derbyimpact.jp ",161897345,OT,TAKAYUKI_45,2013-08-05 11:47:36,0,0
364610633653698560,"新作の競走馬育成ゲーム『ダービーインパクト』をはじめました！一緒に最強馬を作ろう！ #ダビパク
【プレゼントが貰える招待コード】228618844 http://www.derbyimpact.jp ",161897345,OT,TAKAYUKI_45,2013-08-06 13:55:23,0,0
364942342379143168,"新作の競走馬育成ゲーム『ダービーインパクト』をはじめました！一緒に最強馬を作ろう！ #ダビパク
【プレゼントが貰える招待コード】228618844 http://www.derbyimpact.jp ",161897345,OT,TAKAYUKI_45,2013-08-07 11:53:29,0,0
365230357051748354,"新作の競走馬育成ゲーム『ダービーインパクト』をはじめました！一緒に最強馬を作ろう！ #ダビパク
【プレゼントが貰える招待コード】228618844 http://www.derbyimpact.jp ",161897345,OT,TAKAYUKI_45,2013-08-08 06:57:57,0,0
365491750862729217,"新作の競走馬育成ゲーム『ダービーインパクト』をはじめました！一緒に最強馬を作ろう！ #ダビパク
【プレゼントが貰える招待コード】228618844 http://www.derbyimpact.jp ",161897345,OT,TAKAYUKI_45,2013-08-09 00:16:38,0,0
365946154128654336,"新作の競走馬育成ゲーム『ダービーインパクト』をはじめました！一緒に最強馬を作ろう！ #ダビパク
【プレゼントが貰える招待コード】228618844 http://www.derbyimpact.jp ",161897345,OT,TAKAYUKI_45,2013-08-10 06:22:16,0,0
366214419174273025,"新作の競走馬育成ゲーム『ダービーインパクト』をはじめました！一緒に最強馬を作ろう！ #ダビパク
【プレゼントが貰える招待コード】228618844 http://www.derbyimpact.jp ",161897345,OT,TAKAYUKI_45,2013-08-11 00:08:16,0,0
366681677130506240,"新作の競走馬育成ゲーム『ダービーインパクト』をはじめました！一緒に最強馬を作ろう！ #ダビパク
【プレゼントが貰える招待コード】228618844 http://www.derbyimpact.jp ",161897345,OT,TAKAYUKI_45,2013-08-12 07:04:59,0,0
367044071140761600,"新作の競走馬育成ゲーム『ダービーインパクト』をはじめました！一緒に最強馬を作ろう！ #ダビパク
【プレゼントが貰える招待コード】228618844 http://www.derbyimpact.jp ",161897345,OT,TAKAYUKI_45,2013-08-13 07:05:00,0,0
367427109783744512,"新作の競走馬育成ゲーム『ダービーインパクト』をはじめました！一緒に最強馬を作ろう！ #ダビパク
【プレゼントが貰える招待コード】228618844 http://www.derbyimpact.jp ",161897345,OT,TAKAYUKI_45,2013-08-14 08:27:04,0,0
367776648516497408,"新作の競走馬育成ゲーム『ダービーインパクト』をはじめました！一緒に最強馬を作ろう！ #ダビパク
【プレゼントが貰える招待コード】228618844 http://www.derbyimpact.jp ",161897345,OT,TAKAYUKI_45,2013-08-15 07:36:00,0,0
368037072918958082,"新作の競走馬育成ゲーム『ダービーインパクト』をはじめました！一緒に最強馬を作ろう！ #ダビパク
【プレゼントが貰える招待コード】228618844 http://www.derbyimpact.jp ",161897345,OT,TAKAYUKI_45,2013-08-16 00:50:50,0,0
368778839352025088,"新作の競走馬育成ゲーム『ダービーインパクト』をはじめました！一緒に最強馬を作ろう！ #ダビパク
【プレゼントが貰える招待コード】228618844 http://www.derbyimpact.jp ",161897345,OT,TAKAYUKI_45,2013-08-18 01:58:21,0,0
369250798082854912,"新作の競走馬育成ゲーム『ダービーインパクト』をはじめました！一緒に最強馬を作ろう！ #ダビパク
【プレゼントが貰える招待コード】228618844 http://www.derbyimpact.jp ",161897345,OT,TAKAYUKI_45,2013-08-19 09:13:45,0,0
369595547201441792,"新作の競走馬育成ゲーム『ダービーインパクト』をはじめました！一緒に最強馬を作ろう！ #ダビパク
【プレゼントが貰える招待コード】228618844 http://www.derbyimpact.jp ",161897345,OT,TAKAYUKI_45,2013-08-20 08:03:39,0,0
369949826584043520,"新作の競走馬育成ゲーム『ダービーインパクト』をはじめました！一緒に最強馬を作ろう！ #ダビパク
【プレゼントが貰える招待コード】228618844 http://www.derbyimpact.jp ",161897345,OT,TAKAYUKI_45,2013-08-21 07:31:26,0,0
370218266297241600,"新作の競走馬育成ゲーム『ダービーインパクト』をはじめました！一緒に最強馬を作ろう！ #ダビパク
【プレゼントが貰える招待コード】228618844 http://www.derbyimpact.jp ",161897345,OT,TAKAYUKI_45,2013-08-22 01:18:07,0,0
370659569929695232,"新作の競走馬育成ゲーム『ダービーインパクト』をはじめました！一緒に最強馬を作ろう！ #ダビパク
【プレゼントが貰える招待コード】228618844 http://www.derbyimpact.jp ",161897345,OT,TAKAYUKI_45,2013-08-23 06:31:42,0,0
370931205467697152,"新作の競走馬育成ゲーム『ダービーインパクト』をはじめました！一緒に最強馬を作ろう！ #ダビパク
【プレゼントが貰える招待コード】228618844 http://www.derbyimpact.jp ",161897345,OT,TAKAYUKI_45,2013-08-24 00:31:05,0,0
371395769976123392,"新作の競走馬育成ゲーム『ダービーインパクト』をはじめました！一緒に最強馬を作ろう！ #ダビパク
【プレゼントが貰える招待コード】228618844 http://www.derbyimpact.jp ",161897345,OT,TAKAYUKI_45,2013-08-25 07:17:06,0,0
371772008423362560,"新作の競走馬育成ゲーム『ダービーインパクト』をはじめました！一緒に最強馬を作ろう！ #ダビパク
【プレゼントが貰える招待コード】228618844 http://www.derbyimpact.jp ",161897345,OT,TAKAYUKI_45,2013-08-26 08:12:08,0,0
372137546014142464,"新作の競走馬育成ゲーム『ダービーインパクト』をはじめました！一緒に最強馬を作ろう！ #ダビパク
【プレゼントが貰える招待コード】228618844 http://www.derbyimpact.jp ",161897345,OT,TAKAYUKI_45,2013-08-27 08:24:39,0,0
372469723088158720,"新作の競走馬育成ゲーム『ダービーインパクト』をはじめました！一緒に最強馬を作ろう！ #ダビパク
【プレゼントが貰える招待コード】228618844 http://www.derbyimpact.jp ",161897345,OT,TAKAYUKI_45,2013-08-28 06:24:36,0,0
372743092866002944,"新作の競走馬育成ゲーム『ダービーインパクト』をはじめました！一緒に最強馬を作ろう！ #ダビパク
【プレゼントが貰える招待コード】228618844 http://www.derbyimpact.jp ",161897345,OT,TAKAYUKI_45,2013-08-29 00:30:53,0,0
373233543763091456,"新作の競走馬育成ゲーム『ダービーインパクト』をはじめました！一緒に最強馬を作ろう！ #ダビパク
【プレゼントが貰える招待コード】228618844 http://www.derbyimpact.jp ",161897345,OT,TAKAYUKI_45,2013-08-30 08:59:45,0,0
373610008644055040,"新作の競走馬育成ゲーム『ダービーインパクト』をはじめました！一緒に最強馬を作ろう！ #ダビパク
【プレゼントが貰える招待コード】228618844 http://www.derbyimpact.jp ",161897345,OT,TAKAYUKI_45,2013-08-31 09:55:42,0,0
373967494119055361,"新作の競走馬育成ゲーム『ダービーインパクト』をはじめました！一緒に最強馬を作ろう！ #ダビパク
【プレゼントが貰える招待コード】228618844 http://www.derbyimpact.jp ",161897345,OT,TAKAYUKI_45,2013-09-01 09:36:13,0,0
374374106453393409,"新作の競走馬育成ゲーム『ダービーインパクト』をはじめました！一緒に最強馬を作ろう！ #ダビパク
【プレゼントが貰える招待コード】228618844 http://www.derbyimpact.jp ",161897345,OT,TAKAYUKI_45,2013-09-02 12:31:57,0,0
374770375407579136,"新作の競走馬育成ゲーム『ダービーインパクト』をはじめました！一緒に最強馬を作ろう！ #ダビパク
【プレゼントが貰える招待コード】228618844 http://www.derbyimpact.jp ",161897345,OT,TAKAYUKI_45,2013-09-03 14:46:35,0,0
375033031137845248,"新作の競走馬育成ゲーム『ダービーインパクト』をはじめました！一緒に最強馬を作ろう！ #ダビパク
【プレゼントが貰える招待コード】228618844 http://www.derbyimpact.jp ",161897345,OT,TAKAYUKI_45,2013-09-04 08:10:17,0,0
375444073173090307,"新作の競走馬育成ゲーム『ダービーインパクト』をはじめました！一緒に最強馬を作ろう！ #ダビパク
【プレゼントが貰える招待コード】228618844 http://www.derbyimpact.jp ",161897345,OT,TAKAYUKI_45,2013-09-05 11:23:37,0,0
377807314021273600,"新作の競走馬育成ゲーム『ダービーインパクト』をはじめました！一緒に最強馬を作ろう！ #ダビパク
【プレゼントが貰える招待コード】228618844 http://www.derbyimpact.jp ",161897345,OT,TAKAYUKI_45,2013-09-11 23:54:17,0,0
378171480330104832,"新作の競走馬育成ゲーム『ダービーインパクト』をはじめました！一緒に最強馬を作ろう！ #ダビパク
【プレゼントが貰える招待コード】228618844 http://www.derbyimpact.jp ",161897345,OT,TAKAYUKI_45,2013-09-13 00:01:21,0,0
378650955400491008,"新作の競走馬育成ゲーム『ダービーインパクト』をはじめました！一緒に最強馬を作ろう！ #ダビパク
【プレゼントが貰える招待コード】228618844 http://www.derbyimpact.jp ",161897345,OT,TAKAYUKI_45,2013-09-14 07:46:37,0,0
379024717388054529,"新作の競走馬育成ゲーム『ダービーインパクト』をはじめました！一緒に最強馬を作ろう！ #ダビパク
【プレゼントが貰える招待コード】228618844 http://www.derbyimpact.jp ",161897345,OT,TAKAYUKI_45,2013-09-15 08:31:49,0,0
379398646623514625,"新作の競走馬育成ゲーム『ダービーインパクト』をはじめました！一緒に最強馬を作ろう！ #ダビパク
【プレゼントが貰える招待コード】228618844 http://www.derbyimpact.jp ",161897345,OT,TAKAYUKI_45,2013-09-16 09:17:40,0,0
379734655106154496,"新作の競走馬育成ゲーム『ダービーインパクト』をはじめました！一緒に最強馬を作ろう！ #ダビパク
【プレゼントが貰える招待コード】228618844 http://www.derbyimpact.jp ",161897345,OT,TAKAYUKI_45,2013-09-17 07:32:51,0,0
380142953970155520,"新作の競走馬育成ゲーム『ダービーインパクト』をはじめました！一緒に最強馬を作ろう！ #ダビパク
【プレゼントが貰える招待コード】228618844 http://www.derbyimpact.jp ",161897345,OT,TAKAYUKI_45,2013-09-18 10:35:17,0,0
380502577399341056,"新作の競走馬育成ゲーム『ダービーインパクト』をはじめました！一緒に最強馬を作ろう！ #ダビパク
【プレゼントが貰える招待コード】228618844 http://www.derbyimpact.jp ",161897345,OT,TAKAYUKI_45,2013-09-19 10:24:18,0,0
380939506813120512,"新作の競走馬育成ゲーム『ダービーインパクト』をはじめました！一緒に最強馬を作ろう！ #ダビパク
【プレゼントが貰える招待コード】228618844 http://www.derbyimpact.jp ",161897345,OT,TAKAYUKI_45,2013-09-20 15:20:30,0,0
381433376005042176,"新作の競走馬育成ゲーム『ダービーインパクト』をはじめました！一緒に最強馬を作ろう！ #ダビパク
【プレゼントが貰える招待コード】228618844 http://www.derbyimpact.jp ",161897345,OT,TAKAYUKI_45,2013-09-22 00:02:58,0,0
381942258087366656,"新作の競走馬育成ゲーム『ダービーインパクト』をはじめました！一緒に最強馬を作ろう！ #ダビパク
【プレゼントが貰える招待コード】228618844 http://www.derbyimpact.jp ",161897345,OT,TAKAYUKI_45,2013-09-23 09:45:05,0,0
382297841135149056,"新作の競走馬育成ゲーム『ダービーインパクト』をはじめました！一緒に最強馬を作ろう！ #ダビパク
【プレゼントが貰える招待コード】228618844 http://www.derbyimpact.jp ",161897345,OT,TAKAYUKI_45,2013-09-24 09:18:02,0,0
382708498036830210,"新作の競走馬育成ゲーム『ダービーインパクト』をはじめました！一緒に最強馬を作ろう！ #ダビパク
【プレゼントが貰える招待コード】228618844 http://www.derbyimpact.jp ",161897345,OT,TAKAYUKI_45,2013-09-25 12:29:50,0,0
383038758930501632,"新作の競走馬育成ゲーム『ダービーインパクト』をはじめました！一緒に最強馬を作ろう！ #ダビパク
【プレゼントが貰える招待コード】228618844 http://www.derbyimpact.jp ",161897345,OT,TAKAYUKI_45,2013-09-26 10:22:11,0,0
383261495456329729,"新作の競走馬育成ゲーム『ダービーインパクト』をはじめました！一緒に最強馬を作ろう！ #ダビパク
【プレゼントが貰える招待コード】228618844 http://www.derbyimpact.jp ",161897345,OT,TAKAYUKI_45,2013-09-27 01:07:15,0,0
383721516870811649,"新作の競走馬育成ゲーム『ダービーインパクト』をはじめました！一緒に最強馬を作ろう！ #ダビパク
【プレゼントが貰える招待コード】228618844 http://www.derbyimpact.jp ",161897345,OT,TAKAYUKI_45,2013-09-28 07:35:13,0,0
384136870558302208,"新作の競走馬育成ゲーム『ダービーインパクト』をはじめました！一緒に最強馬を作ろう！ #ダビパク
【プレゼントが貰える招待コード】228618844 http://www.derbyimpact.jp ",161897345,OT,TAKAYUKI_45,2013-09-29 11:05:41,0,0
384513543757774848,"新作の競走馬育成ゲーム『ダービーインパクト』をはじめました！一緒に最強馬を作ろう！ #ダビパク
【プレゼントが貰える招待コード】228618844 http://www.derbyimpact.jp ",161897345,OT,TAKAYUKI_45,2013-09-30 12:02:27,0,0
384846166673743872,"新作の競走馬育成ゲーム『ダービーインパクト』をはじめました！一緒に最強馬を作ろう！ #ダビパク
【プレゼントが貰える招待コード】228618844 http://www.derbyimpact.jp ",161897345,OT,TAKAYUKI_45,2013-10-01 10:04:10,0,0
385245710884433920,"新作の競走馬育成ゲーム『ダービーインパクト』をはじめました！一緒に最強馬を作ろう！ #ダビパク
【プレゼントが貰える招待コード】228618844 http://www.derbyimpact.jp ",161897345,OT,TAKAYUKI_45,2013-10-02 12:31:49,0,0
385556143877009410,"新作の競走馬育成ゲーム『ダービーインパクト』をはじめました！一緒に最強馬を作ろう！ #ダビパク
【プレゼントが貰える招待コード】228618844 http://www.derbyimpact.jp ",161897345,OT,TAKAYUKI_45,2013-10-03 09:05:22,0,0
385968368701800449,"新作の競走馬育成ゲーム『ダービーインパクト』をはじめました！一緒に最強馬を作ろう！ #ダビパク
【プレゼントが貰える招待コード】228618844 http://www.derbyimpact.jp ",161897345,OT,TAKAYUKI_45,2013-10-04 12:23:24,0,0
386320285730734081,"新作の競走馬育成ゲーム『ダービーインパクト』をはじめました！一緒に最強馬を作ろう！ #ダビパク
【プレゼントが貰える招待コード】228618844 http://www.derbyimpact.jp ",161897345,OT,TAKAYUKI_45,2013-10-05 11:41:48,0,0
386510585224908802,桜塚やっくんが交通事故死…山口県内の中国道で車にはねられる（デイリースポーツ） - Y!ニュース http://headlines.yahoo.co.jp/hl?a=20131005-00000079-dal-ent …,161897345,OT,TAKAYUKI_45,2013-10-06 00:17:59,0,0
386676357704318976,"新作の競走馬育成ゲーム『ダービーインパクト』をはじめました！一緒に最強馬を作ろう！ #ダビパク
【プレゼントが貰える招待コード】228618844 http://www.derbyimpact.jp ",161897345,OT,TAKAYUKI_45,2013-10-06 11:16:42,0,0
386860787932729344,"オルフェ２着　キズナ４着／凱旋門賞（日刊スポーツ） - Y!ニュース http://headlines.yahoo.co.jp/hl?a=20131006-00000127-nksports-horse …

今年も２着か泣
ヨーロッパは牝馬が強い！
しかも３歳で！",161897345,OT,TAKAYUKI_45,2013-10-06 23:29:34,0,0
387060652830773249,"新作の競走馬育成ゲーム『ダービーインパクト』をはじめました！一緒に最強馬を作ろう！ #ダビパク
【プレゼントが貰える招待コード】228618844 http://www.derbyimpact.jp ",161897345,OT,TAKAYUKI_45,2013-10-07 12:43:45,0,0
387597766370664449,"新作の競走馬育成ゲーム『ダービーインパクト』をはじめました！一緒に最強馬を作ろう！ #ダビパク
【プレゼントが貰える招待コード】228618844 http://www.derbyimpact.jp ",161897345,OT,TAKAYUKI_45,2013-10-09 00:18:03,0,0
387958075225047041,"新作の競走馬育成ゲーム『ダービーインパクト』をはじめました！一緒に最強馬を作ろう！ #ダビパク
【プレゼントが貰える招待コード】228618844 http://www.derbyimpact.jp ",161897345,OT,TAKAYUKI_45,2013-10-10 00:09:47,0,0
388464917776326656,"新作の競走馬育成ゲーム『ダービーインパクト』をはじめました！一緒に最強馬を作ろう！ #ダビパク
【プレゼントが貰える招待コード】228618844 http://www.derbyimpact.jp ",161897345,OT,TAKAYUKI_45,2013-10-11 09:43:48,0,0
388863597016657921,"新作の競走馬育成ゲーム『ダービーインパクト』をはじめました！一緒に最強馬を作ろう！ #ダビパク
【プレゼントが貰える招待コード】228618844 http://www.derbyimpact.jp ",161897345,OT,TAKAYUKI_45,2013-10-12 12:08:00,0,0
389338532130484224,"新作の競走馬育成ゲーム『ダービーインパクト』をはじめました！一緒に最強馬を作ろう！ #ダビパク
【プレゼントが貰える招待コード】228618844 http://www.derbyimpact.jp ",161897345,OT,TAKAYUKI_45,2013-10-13 19:35:14,0,0
389559753501720576,"新作の競走馬育成ゲーム『ダービーインパクト』をはじめました！一緒に最強馬を作ろう！ #ダビパク
【プレゼントが貰える招待コード】228618844 http://www.derbyimpact.jp ",161897345,OT,TAKAYUKI_45,2013-10-14 10:14:17,0,0
389892618047324161,"新作の競走馬育成ゲーム『ダービーインパクト』をはじめました！一緒に最強馬を作ろう！ #ダビパク
【プレゼントが貰える招待コード】228618844 http://www.derbyimpact.jp ",161897345,OT,TAKAYUKI_45,2013-10-15 08:16:58,0,0
390328086446612480,"新作の競走馬育成ゲーム『ダービーインパクト』をはじめました！一緒に最強馬を作ろう！ #ダビパク
【プレゼントが貰える招待コード】228618844 http://www.derbyimpact.jp ",161897345,OT,TAKAYUKI_45,2013-10-16 13:07:22,0,0
390674824647159810,"新作の競走馬育成ゲーム『ダービーインパクト』をはじめました！一緒に最強馬を作ろう！ #ダビパク
【プレゼントが貰える招待コード】228618844 http://www.derbyimpact.jp ",161897345,OT,TAKAYUKI_45,2013-10-17 12:05:11,0,0
390986492203388929,"新作の競走馬育成ゲーム『ダービーインパクト』をはじめました！一緒に最強馬を作ろう！ #ダビパク
【プレゼントが貰える招待コード】228618844 http://www.derbyimpact.jp ",161897345,OT,TAKAYUKI_45,2013-10-18 08:43:38,0,0
391328865341022209,"新作の競走馬育成ゲーム『ダービーインパクト』をはじめました！一緒に最強馬を作ろう！ #ダビパク
【プレゼントが貰える招待コード】228618844 http://www.derbyimpact.jp ",161897345,OT,TAKAYUKI_45,2013-10-19 07:24:06,0,0
391728708739796992,"新作の競走馬育成ゲーム『ダービーインパクト』をはじめました！一緒に最強馬を作ろう！ #ダビパク
【プレゼントが貰える招待コード】228618844 http://www.derbyimpact.jp ",161897345,OT,TAKAYUKI_45,2013-10-20 09:52:56,0,0
392237348034842625,"新作の競走馬育成ゲーム『ダービーインパクト』をはじめました！一緒に最強馬を作ろう！ #ダビパク
【プレゼントが貰える招待コード】228618844 http://www.derbyimpact.jp ",161897345,OT,TAKAYUKI_45,2013-10-21 19:34:05,0,0
392491271366782976,"新作の競走馬育成ゲーム『ダービーインパクト』をはじめました！一緒に最強馬を作ろう！ #ダビパク
【プレゼントが貰える招待コード】228618844 http://www.derbyimpact.jp ",161897345,OT,TAKAYUKI_45,2013-10-22 12:23:05,0,0
392847151471939585,"新作の競走馬育成ゲーム『ダービーインパクト』をはじめました！一緒に最強馬を作ろう！ #ダビパク
【プレゼントが貰える招待コード】228618844 http://www.derbyimpact.jp ",161897345,OT,TAKAYUKI_45,2013-10-23 11:57:14,0,0
393201311224578048,"新作の競走馬育成ゲーム『ダービーインパクト』をはじめました！一緒に最強馬を作ろう！ #ダビパク
【プレゼントが貰える招待コード】228618844 http://www.derbyimpact.jp ",161897345,OT,TAKAYUKI_45,2013-10-24 11:24:32,0,0
393532310605135872,"新作の競走馬育成ゲーム『ダービーインパクト』をはじめました！一緒に最強馬を作ろう！ #ダビパク
【プレゼントが貰える招待コード】228618844 http://www.derbyimpact.jp ",161897345,OT,TAKAYUKI_45,2013-10-25 09:19:48,0,0
393989298006945792,"新作の競走馬育成ゲーム『ダービーインパクト』をはじめました！一緒に最強馬を作ろう！ #ダビパク
【プレゼントが貰える招待コード】228618844 http://www.derbyimpact.jp ",161897345,OT,TAKAYUKI_45,2013-10-26 15:35:43,0,0
394411382650568704,"新作の競走馬育成ゲーム『ダービーインパクト』をはじめました！一緒に最強馬を作ろう！ #ダビパク
【プレゼントが貰える招待コード】228618844 http://www.derbyimpact.jp ",161897345,OT,TAKAYUKI_45,2013-10-27 19:32:56,0,0
394746097366622208,"新作の競走馬育成ゲーム『ダービーインパクト』をはじめました！一緒に最強馬を作ろう！ #ダビパク
【プレゼントが貰える招待コード】228618844 http://www.derbyimpact.jp ",161897345,OT,TAKAYUKI_45,2013-10-28 17:42:58,0,0
394967606668455936,"新作の競走馬育成ゲーム『ダービーインパクト』をはじめました！一緒に最強馬を作ろう！ #ダビパク
【プレゼントが貰える招待コード】228618844 http://www.derbyimpact.jp ",161897345,OT,TAKAYUKI_45,2013-10-29 08:23:10,0,0
395208710550589440,"新作の競走馬育成ゲーム『ダービーインパクト』をはじめました！一緒に最強馬を作ろう！ #ダビパク
【プレゼントが貰える招待コード】228618844 http://www.derbyimpact.jp ",161897345,OT,TAKAYUKI_45,2013-10-30 00:21:13,0,0
395585886089248768,"新作の競走馬育成ゲーム『ダービーインパクト』をはじめました！一緒に最強馬を作ろう！ #ダビパク
【プレゼントが貰える招待コード】228618844 http://www.derbyimpact.jp ",161897345,OT,TAKAYUKI_45,2013-10-31 01:19:59,0,0
396068285675864064,"楽しみだな（＾∇＾）

坂口憲二、パート４に「びっくり」年明けに３年ぶり「医龍」（スポーツ報知） - Y!ニュース http://headlines.yahoo.co.jp/hl?a=20131031-00000254-sph-ent …",161897345,OT,TAKAYUKI_45,2013-11-01 09:16:52,0,0
396090604813168640,"新作の競走馬育成ゲーム『ダービーインパクト』をはじめました！一緒に最強馬を作ろう！ #ダビパク
【プレゼントが貰える招待コード】228618844 http://www.derbyimpact.jp ",161897345,OT,TAKAYUKI_45,2013-11-01 10:45:33,0,0
396436546640809984,"新作の競走馬育成ゲーム『ダービーインパクト』をはじめました！一緒に最強馬を作ろう！ #ダビパク
【プレゼントが貰える招待コード】228618844 http://www.derbyimpact.jp ",161897345,OT,TAKAYUKI_45,2013-11-02 09:40:12,0,0
396789064990326785,"新作の競走馬育成ゲーム『ダービーインパクト』をはじめました！一緒に最強馬を作ろう！ #ダビパク
【プレゼントが貰える招待コード】228618844 http://www.derbyimpact.jp ",161897345,OT,TAKAYUKI_45,2013-11-03 09:00:59,0,0
397524341878816768,"新作の競走馬育成ゲーム『ダービーインパクト』をはじめました！一緒に最強馬を作ろう！ #ダビパク
【プレゼントが貰える招待コード】228618844 http://www.derbyimpact.jp ",161897345,OT,TAKAYUKI_45,2013-11-05 09:42:43,0,0
397917492749688832,"新作の競走馬育成ゲーム『ダービーインパクト』をはじめました！一緒に最強馬を作ろう！ #ダビパク
【プレゼントが貰える招待コード】228618844 http://www.derbyimpact.jp ",161897345,OT,TAKAYUKI_45,2013-11-06 11:44:57,0,0
398262167071256576,"新作の競走馬育成ゲーム『ダービーインパクト』をはじめました！一緒に最強馬を作ろう！ #ダビパク
【プレゼントが貰える招待コード】228618844 http://www.derbyimpact.jp ",161897345,OT,TAKAYUKI_45,2013-11-07 10:34:34,0,0
398590098192621568,"新作の競走馬育成ゲーム『ダービーインパクト』をはじめました！一緒に最強馬を作ろう！ #ダビパク
【プレゼントが貰える招待コード】228618844 http://www.derbyimpact.jp ",161897345,OT,TAKAYUKI_45,2013-11-08 08:17:39,0,0
398808338734936064,"トランス脂肪酸、米で全面禁止へ　健康への悪影響理由に（朝日新聞デジタル） - Y!ニュース http://headlines.yahoo.co.jp/hl?a=20131108-00000020-asahi-int …
日本も禁止した方がイイな！",161897345,OT,TAKAYUKI_45,2013-11-08 22:44:52,0,0
398934293814067200,"新作の競走馬育成ゲーム『ダービーインパクト』をはじめました！一緒に最強馬を作ろう！ #ダビパク
【プレゼントが貰える招待コード】228618844 http://www.derbyimpact.jp ",161897345,OT,TAKAYUKI_45,2013-11-09 07:05:22,0,0
399190739889815553,"新作の競走馬育成ゲーム『ダービーインパクト』をはじめました！一緒に最強馬を作ろう！ #ダビパク
【プレゼントが貰える招待コード】228618844 http://www.derbyimpact.jp ",161897345,OT,TAKAYUKI_45,2013-11-10 00:04:23,0,0
399698145661042688,"新作の競走馬育成ゲーム『ダービーインパクト』をはじめました！一緒に最強馬を作ろう！ #ダビパク
【プレゼントが貰える招待コード】228618844 http://www.derbyimpact.jp ",161897345,OT,TAKAYUKI_45,2013-11-11 09:40:38,0,0
400044527169175552,"新作の競走馬育成ゲーム『ダービーインパクト』をはじめました！一緒に最強馬を作ろう！ #ダビパク
【プレゼントが貰える招待コード】228618844 http://www.derbyimpact.jp ",161897345,OT,TAKAYUKI_45,2013-11-12 08:37:02,0,0
400410774176157696,"新作の競走馬育成ゲーム『ダービーインパクト』をはじめました！一緒に最強馬を作ろう！ #ダビパク
【プレゼントが貰える招待コード】228618844 http://www.derbyimpact.jp ",161897345,OT,TAKAYUKI_45,2013-11-13 08:52:22,0,0
400787895159508992,"新作の競走馬育成ゲーム『ダービーインパクト』をはじめました！一緒に最強馬を作ろう！ #ダビパク
【プレゼントが貰える招待コード】228618844 http://www.derbyimpact.jp ",161897345,OT,TAKAYUKI_45,2013-11-14 09:50:55,0,0
401139739262078977,"新作の競走馬育成ゲーム『ダービーインパクト』をはじめました！一緒に最強馬を作ろう！ #ダビパク
【プレゼントが貰える招待コード】228618844 http://www.derbyimpact.jp ",161897345,OT,TAKAYUKI_45,2013-11-15 09:09:01,0,0
401497622130597888,"新作の競走馬育成ゲーム『ダービーインパクト』をはじめました！一緒に最強馬を作ろう！ #ダビパク
【プレゼントが貰える招待コード】228618844 http://www.derbyimpact.jp ",161897345,OT,TAKAYUKI_45,2013-11-16 08:51:07,0,0
401887388336549889,"新作の競走馬育成ゲーム『ダービーインパクト』をはじめました！一緒に最強馬を作ろう！ #ダビパク
【プレゼントが貰える招待コード】228618844 http://www.derbyimpact.jp ",161897345,OT,TAKAYUKI_45,2013-11-17 10:39:54,0,0
402192395564892160,"新作の競走馬育成ゲーム『ダービーインパクト』をはじめました！一緒に最強馬を作ろう！ #ダビパク
【プレゼントが貰える招待コード】228618844 http://www.derbyimpact.jp ",161897345,OT,TAKAYUKI_45,2013-11-18 06:51:54,0,0
402581242010300416,"新作の競走馬育成ゲーム『ダービーインパクト』をはじめました！一緒に最強馬を作ろう！ #ダビパク
【プレゼントが貰える招待コード】228618844 http://www.derbyimpact.jp ",161897345,OT,TAKAYUKI_45,2013-11-19 08:37:02,0,0
402926165175713792,"新作の競走馬育成ゲーム『ダービーインパクト』をはじめました！一緒に最強馬を作ろう！ #ダビパク
【プレゼントが貰える招待コード】228618844 http://www.derbyimpact.jp ",161897345,OT,TAKAYUKI_45,2013-11-20 07:27:38,0,0
403303889174163456,"新作の競走馬育成ゲーム『ダービーインパクト』をはじめました！一緒に最強馬を作ろう！ #ダビパク
【プレゼントが貰える招待コード】228618844 http://www.derbyimpact.jp ",161897345,OT,TAKAYUKI_45,2013-11-21 08:28:34,0,0
403772859845062657,"新作の競走馬育成ゲーム『ダービーインパクト』をはじめました！一緒に最強馬を作ろう！ #ダビパク
【プレゼントが貰える招待コード】228618844 http://www.derbyimpact.jp ",161897345,OT,TAKAYUKI_45,2013-11-22 15:32:06,0,0
404052789166239744,"新作の競走馬育成ゲーム『ダービーインパクト』をはじめました！一緒に最強馬を作ろう！ #ダビパク
【プレゼントが貰える招待コード】228618844 http://www.derbyimpact.jp ",161897345,OT,TAKAYUKI_45,2013-11-23 10:04:26,0,0
404376888597942272,"新作の競走馬育成ゲーム『ダービーインパクト』をはじめました！一緒に最強馬を作ろう！ #ダビパク
【プレゼントが貰える招待コード】228618844 http://www.derbyimpact.jp ",161897345,OT,TAKAYUKI_45,2013-11-24 07:32:17,0,0
404764283507970048,"新作の競走馬育成ゲーム『ダービーインパクト』をはじめました！一緒に最強馬を作ろう！ #ダビパク
【プレゼントが貰える招待コード】228618844 http://www.derbyimpact.jp ",161897345,OT,TAKAYUKI_45,2013-11-25 09:11:40,0,0
405122326670213120,"新作の競走馬育成ゲーム『ダービーインパクト』をはじめました！一緒に最強馬を作ろう！ #ダビパク
【プレゼントが貰える招待コード】228618844 http://www.derbyimpact.jp ",161897345,OT,TAKAYUKI_45,2013-11-26 08:54:24,0,0
405482173550964736,"あの名馬も、あの騎手も、実名で登場！スマホで無料で遊べる3D競馬ゲーム『ダービーインパクト』で最強馬を育成しよう！ #ダビパク
【プレゼントが貰える招待コード】228618844 http://www.derbyimpact.jp ",161897345,OT,TAKAYUKI_45,2013-11-27 08:44:18,0,0
405832087422259200,"あの名馬も、あの騎手も、実名で登場！スマホで無料で遊べる3D競馬ゲーム『ダービーインパクト』で最強馬を育成しよう！ #ダビパク
【プレゼントが貰える招待コード】228618844 http://www.derbyimpact.jp ",161897345,OT,TAKAYUKI_45,2013-11-28 07:54:44,0,0
406210488574291968,"あの名馬も、あの騎手も、実名で登場！スマホで無料で遊べる3D競馬ゲーム『ダービーインパクト』で最強馬を育成しよう！ #ダビパク
【プレゼントが貰える招待コード】228618844 http://www.derbyimpact.jp ",161897345,OT,TAKAYUKI_45,2013-11-29 08:58:22,0,0
406569385487114240,"あの名馬も、あの騎手も、実名で登場！スマホで無料で遊べる3D競馬ゲーム『ダービーインパクト』で最強馬を育成しよう！ #ダビパク
【プレゼントが貰える招待コード】228618844 http://www.derbyimpact.jp ",161897345,OT,TAKAYUKI_45,2013-11-30 08:44:29,0,0
406929611675561984,"あの名馬も、あの騎手も、実名で登場！スマホで無料で遊べる3D競馬ゲーム『ダービーインパクト』で最強馬を育成しよう！ #ダビパク
【プレゼントが貰える招待コード】228618844 http://www.derbyimpact.jp ",161897345,OT,TAKAYUKI_45,2013-12-01 08:35:54,0,0
407282720650182656,"あの名馬も、あの騎手も、実名で登場！スマホで無料で遊べる3D競馬ゲーム『ダービーインパクト』で最強馬を育成しよう！ #ダビパク
【プレゼントが貰える招待コード】228618844 http://www.derbyimpact.jp ",161897345,OT,TAKAYUKI_45,2013-12-02 07:59:02,0,0
407628651237089280,"あの名馬も、あの騎手も、実名で登場！スマホで無料で遊べる3D競馬ゲーム『ダービーインパクト』で最強馬を育成しよう！ #ダビパク
【プレゼントが貰える招待コード】228618844 http://www.derbyimpact.jp ",161897345,OT,TAKAYUKI_45,2013-12-03 06:53:38,0,0
407996229931388928,"あの名馬も、あの騎手も、実名で登場！スマホで無料で遊べる3D競馬ゲーム『ダービーインパクト』で最強馬を育成しよう！ #ダビパク
【プレゼントが貰える招待コード】228618844 http://www.derbyimpact.jp ",161897345,OT,TAKAYUKI_45,2013-12-04 07:14:16,0,0
408388210293616640,"あの名馬も、あの騎手も、実名で登場！スマホで無料で遊べる3D競馬ゲーム『ダービーインパクト』で最強馬を育成しよう！ #ダビパク
【プレゼントが貰える招待コード】228618844 http://www.derbyimpact.jp ",161897345,OT,TAKAYUKI_45,2013-12-05 09:11:51,0,0
408920973178441728,"あの名馬も、あの騎手も、実名で登場！スマホで無料で遊べる3D競馬ゲーム『ダービーインパクト』で最強馬を育成しよう！ #ダビパク
【プレゼントが貰える招待コード】228618844 http://www.derbyimpact.jp ",161897345,OT,TAKAYUKI_45,2013-12-06 20:28:52,0,0
409457782702612480,"あの名馬も、あの騎手も、実名で登場！スマホで無料で遊べる3D競馬ゲーム『ダービーインパクト』で最強馬を育成しよう！ #ダビパク
【プレゼントが貰える招待コード】228618844 http://www.derbyimpact.jp ",161897345,OT,TAKAYUKI_45,2013-12-08 08:01:57,0,0
409835733893931009,"あの名馬も、あの騎手も、実名で登場！スマホで無料で遊べる3D競馬ゲーム『ダービーインパクト』で最強馬を育成しよう！ #ダビパク
【プレゼントが貰える招待コード】228618844 http://www.derbyimpact.jp ",161897345,OT,TAKAYUKI_45,2013-12-09 09:03:48,0,0
410196517274673152,"あの名馬も、あの騎手も、実名で登場！スマホで無料で遊べる3D競馬ゲーム『ダービーインパクト』で最強馬を育成しよう！ #ダビパク
【プレゼントが貰える招待コード】228618844 http://www.derbyimpact.jp ",161897345,OT,TAKAYUKI_45,2013-12-10 08:57:25,0,0
410568606271819776,"あの名馬も、あの騎手も、実名で登場！スマホで無料で遊べる3D競馬ゲーム『ダービーインパクト』で最強馬を育成しよう！ #ダビパク
【プレゼントが貰える招待コード】228618844 http://www.derbyimpact.jp ",161897345,OT,TAKAYUKI_45,2013-12-11 09:35:58,0,0
410794496268324865,"あの名馬も、あの騎手も、実名で登場！スマホで無料で遊べる3D競馬ゲーム『ダービーインパクト』で最強馬を育成しよう！ #ダビパク
【プレゼントが貰える招待コード】228618844 http://www.derbyimpact.jp ",161897345,OT,TAKAYUKI_45,2013-12-12 00:33:34,0,0
411302057870491648,"あの名馬も、あの騎手も、実名で登場！スマホで無料で遊べる3D競馬ゲーム『ダービーインパクト』で最強馬を育成しよう！ #ダビパク
【プレゼントが貰える招待コード】228618844 http://www.derbyimpact.jp ",161897345,OT,TAKAYUKI_45,2013-12-13 10:10:26,0,0
411610793751228416,"あの名馬も、あの騎手も、実名で登場！スマホで無料で遊べる3D競馬ゲーム『ダービーインパクト』で最強馬を育成しよう！ #ダビパク
【プレゼントが貰える招待コード】228618844 http://www.derbyimpact.jp ",161897345,OT,TAKAYUKI_45,2013-12-14 06:37:15,0,0
411888825128849408,"あの名馬も、あの騎手も、実名で登場！スマホで無料で遊べる3D競馬ゲーム『ダービーインパクト』で最強馬を育成しよう！ #ダビパク
【プレゼントが貰える招待コード】228618844 http://www.derbyimpact.jp ",161897345,OT,TAKAYUKI_45,2013-12-15 01:02:03,0,0
412354511231930368,"あの名馬も、あの騎手も、実名で登場！スマホで無料で遊べる3D競馬ゲーム『ダービーインパクト』で最強馬を育成しよう！ #ダビパク
【プレゼントが貰える招待コード】228618844 http://www.derbyimpact.jp ",161897345,OT,TAKAYUKI_45,2013-12-16 07:52:31,0,0
412740252709560320,"あの名馬も、あの騎手も、実名で登場！スマホで無料で遊べる3D競馬ゲーム『ダービーインパクト』で最強馬を育成しよう！ #ダビパク
【プレゼントが貰える招待コード】228618844 http://www.derbyimpact.jp ",161897345,OT,TAKAYUKI_45,2013-12-17 09:25:19,0,0
413209901905608704,"あの名馬も、あの騎手も、実名で登場！スマホで無料で遊べる3D競馬ゲーム『ダービーインパクト』で最強馬を育成しよう！ #ダビパク
【プレゼントが貰える招待コード】228618844 http://www.derbyimpact.jp ",161897345,OT,TAKAYUKI_45,2013-12-18 16:31:32,0,0
413462588681244673,"あの名馬も、あの騎手も、実名で登場！スマホで無料で遊べる3D競馬ゲーム『ダービーインパクト』で最強馬を育成しよう！ #ダビパク
【プレゼントが貰える招待コード】228618844 http://www.derbyimpact.jp ",161897345,OT,TAKAYUKI_45,2013-12-19 09:15:37,0,0
413875588470812673,"あの名馬も、あの騎手も、実名で登場！スマホで無料で遊べる3D競馬ゲーム『ダービーインパクト』で最強馬を育成しよう！ #ダビパク
【プレゼントが貰える招待コード】228618844 http://www.derbyimpact.jp ",161897345,OT,TAKAYUKI_45,2013-12-20 12:36:44,0,0
414178125635796992,"あの名馬も、あの騎手も、実名で登場！スマホで無料で遊べる3D競馬ゲーム『ダービーインパクト』で最強馬を育成しよう！ #ダビパク
【プレゼントが貰える招待コード】228618844 http://www.derbyimpact.jp ",161897345,OT,TAKAYUKI_45,2013-12-21 08:38:54,0,0
414528268503494657,"あの名馬も、あの騎手も、実名で登場！スマホで無料で遊べる3D競馬ゲーム『ダービーインパクト』で最強馬を育成しよう！ #ダビパク
【プレゼントが貰える招待コード】228618844 http://www.derbyimpact.jp ",161897345,OT,TAKAYUKI_45,2013-12-22 07:50:15,0,0
414974685336436738,"あの名馬も、あの騎手も、実名で登場！スマホで無料で遊べる3D競馬ゲーム『ダービーインパクト』で最強馬を育成しよう！ #ダビパク
【プレゼントが貰える招待コード】228618844 http://www.derbyimpact.jp ",161897345,OT,TAKAYUKI_45,2013-12-23 13:24:09,0,0
415261260813312000,"あの名馬も、あの騎手も、実名で登場！スマホで無料で遊べる3D競馬ゲーム『ダービーインパクト』で最強馬を育成しよう！ #ダビパク
【プレゼントが貰える招待コード】228618844 http://www.derbyimpact.jp ",161897345,OT,TAKAYUKI_45,2013-12-24 08:22:54,0,0
415605479084011520,"あの名馬も、あの騎手も、実名で登場！スマホで無料で遊べる3D競馬ゲーム『ダービーインパクト』で最強馬を育成しよう！ #ダビパク
【プレゼントが貰える招待コード】228618844 http://www.derbyimpact.jp ",161897345,OT,TAKAYUKI_45,2013-12-25 07:10:42,0,0
415776751680106496,http://mixi.at/ajLCFt1   今日の夜ご飯,161897345,OT,TAKAYUKI_45,2013-12-25 18:31:17,0,0
415964378844762113,"あの名馬も、あの騎手も、実名で登場！スマホで無料で遊べる3D競馬ゲーム『ダービーインパクト』で最強馬を育成しよう！ #ダビパク
【プレゼントが貰える招待コード】228618844 http://www.derbyimpact.jp ",161897345,OT,TAKAYUKI_45,2013-12-26 06:56:50,0,0
416330879854587904,"あの名馬も、あの騎手も、実名で登場！スマホで無料で遊べる3D競馬ゲーム『ダービーインパクト』で最強馬を育成しよう！ #ダビパク
【プレゼントが貰える招待コード】228618844 http://www.derbyimpact.jp ",161897345,OT,TAKAYUKI_45,2013-12-27 07:13:11,0,0
416351374578679808,http://mixi.at/ajN72YU   病室からの風景,161897345,OT,TAKAYUKI_45,2013-12-27 08:34:37,0,0
416475548999634945,無事、家に帰ってきました！ しばらくは飲み薬で自宅療養です。,161897345,OT,TAKAYUKI_45,2013-12-27 16:48:03,0,0
416722989690806272,"あの名馬も、あの騎手も、実名で登場！スマホで無料で遊べる3D競馬ゲーム『ダービーインパクト』で最強馬を育成しよう！ #ダビパク
【プレゼントが貰える招待コード】228618844 http://www.derbyimpact.jp ",161897345,OT,TAKAYUKI_45,2013-12-28 09:11:17,0,0
416831458443931648,不妊に悩む女性が後悔している「過去の行動」とは？（講談社　http://JOSEISHI.NET ） - Y!ニュース http://zasshi.news.yahoo.co.jp/article?a=20131218-00000000-kjn-life …,161897345,OT,TAKAYUKI_45,2013-12-28 16:22:18,0,0
417054428898660352,"あの名馬も、あの騎手も、実名で登場！スマホで無料で遊べる3D競馬ゲーム『ダービーインパクト』で最強馬を育成しよう！ #ダビパク
【プレゼントが貰える招待コード】228618844 http://www.derbyimpact.jp ",161897345,OT,TAKAYUKI_45,2013-12-29 07:08:19,0,0
417095256912318464,入院してから生活リズムが変わったので夜9時頃になると眠くなって朝６時前には起きてしまう笑,161897345,OT,TAKAYUKI_45,2013-12-29 09:50:33,0,0
417432491994017792,"あの名馬も、あの騎手も、実名で登場！スマホで無料で遊べる3D競馬ゲーム『ダービーインパクト』で最強馬を育成しよう！ #ダビパク
【プレゼントが貰える招待コード】228618844 http://www.derbyimpact.jp ",161897345,OT,TAKAYUKI_45,2013-12-30 08:10:36,0,0
417622367922188288,F1のシューマッハ氏、スキー事故で重体（ウォール・ストリート・ジャーナル） - Y!ニュース http://headlines.yahoo.co.jp/hl?a=20131230-00000927-wsj-int …,161897345,OT,TAKAYUKI_45,2013-12-30 20:45:06,0,0
417791208459493376,"あの名馬も、あの騎手も、実名で登場！スマホで無料で遊べる3D競馬ゲーム『ダービーインパクト』で最強馬を育成しよう！ #ダビパク
【プレゼントが貰える招待コード】228618844 http://www.derbyimpact.jp ",161897345,OT,TAKAYUKI_45,2013-12-31 07:56:00,0,0
418060367625863169,"あの名馬も、あの騎手も、実名で登場！スマホで無料で遊べる3D競馬ゲーム『ダービーインパクト』で最強馬を育成しよう！ #ダビパク
【プレゼントが貰える招待コード】228618844 http://www.derbyimpact.jp ",161897345,OT,TAKAYUKI_45,2014-01-01 01:45:33,0,0
418062939971928064,あけましておめでとうございます！ 今年も宜しくお願いいたします（≧∇≦）,161897345,OT,TAKAYUKI_45,2014-01-01 01:55:46,0,0
418600857924431872,"あの名馬も、あの騎手も、実名で登場！スマホで無料で遊べる3D競馬ゲーム『ダービーインパクト』で最強馬を育成しよう！ #ダビパク
【プレゼントが貰える招待コード】228618844 http://www.derbyimpact.jp ",161897345,OT,TAKAYUKI_45,2014-01-02 13:33:16,0,0
418887407635673088,"あの名馬も、あの騎手も、実名で登場！スマホで無料で遊べる3D競馬ゲーム『ダービーインパクト』で最強馬を育成しよう！ #ダビパク
【プレゼントが貰える招待コード】228618844 http://www.derbyimpact.jp ",161897345,OT,TAKAYUKI_45,2014-01-03 08:31:55,0,0
419232095257391105,"あの名馬も、あの騎手も、実名で登場！スマホで無料で遊べる3D競馬ゲーム『ダービーインパクト』で最強馬を育成しよう！ #ダビパク
【プレゼントが貰える招待コード】228618844 http://www.derbyimpact.jp ",161897345,OT,TAKAYUKI_45,2014-01-04 07:21:35,0,0
419626213020160000,"あの名馬も、あの騎手も、実名で登場！スマホで無料で遊べる3D競馬ゲーム『ダービーインパクト』で最強馬を育成しよう！ #ダビパク
【プレゼントが貰える招待コード】228618844 http://www.derbyimpact.jp ",161897345,OT,TAKAYUKI_45,2014-01-05 09:27:40,0,0
419955830062993408,"あの名馬も、あの騎手も、実名で登場！スマホで無料で遊べる3D競馬ゲーム『ダービーインパクト』で最強馬を育成しよう！ #ダビパク
【プレゼントが貰える招待コード】228618844 http://www.derbyimpact.jp ",161897345,OT,TAKAYUKI_45,2014-01-06 07:17:26,0,0
420373430790135808,"あの名馬も、あの騎手も、実名で登場！スマホで無料で遊べる3D競馬ゲーム『ダービーインパクト』で最強馬を育成しよう！ #ダビパク
【プレゼントが貰える招待コード】228618844 http://www.derbyimpact.jp ",161897345,OT,TAKAYUKI_45,2014-01-07 10:56:50,0,0
420702169818349568,"あの名馬も、あの騎手も、実名で登場！スマホで無料で遊べる3D競馬ゲーム『ダービーインパクト』で最強馬を育成しよう！ #ダビパク
【プレゼントが貰える招待コード】228618844 http://www.derbyimpact.jp ",161897345,OT,TAKAYUKI_45,2014-01-08 08:43:08,0,0
420947737538867202,"あの名馬も、あの騎手も、実名で登場！スマホで無料で遊べる3D競馬ゲーム『ダービーインパクト』で最強馬を育成しよう！ #ダビパク
【プレゼントが貰える招待コード】228618844 http://www.derbyimpact.jp ",161897345,OT,TAKAYUKI_45,2014-01-09 00:58:56,0,0
421425493166931968,"あの名馬も、あの騎手も、実名で登場！スマホで無料で遊べる3D競馬ゲーム『ダービーインパクト』で最強馬を育成しよう！ #ダビパク
【プレゼントが貰える招待コード】228618844 http://www.derbyimpact.jp ",161897345,OT,TAKAYUKI_45,2014-01-10 08:37:21,0,0
421791681776582656,"あの名馬も、あの騎手も、実名で登場！スマホで無料で遊べる3D競馬ゲーム『ダービーインパクト』で最強馬を育成しよう！ #ダビパク
【プレゼントが貰える招待コード】228618844 http://www.derbyimpact.jp ",161897345,OT,TAKAYUKI_45,2014-01-11 08:52:28,0,0
422169506027282433,"あの名馬も、あの騎手も、実名で登場！スマホで無料で遊べる3D競馬ゲーム『ダービーインパクト』で最強馬を育成しよう！ #ダビパク
【プレゼントが貰える招待コード】228618844 http://www.derbyimpact.jp ",161897345,OT,TAKAYUKI_45,2014-01-12 09:53:48,0,0
422348353850986496,"再び騎手を目指す気仙沼出身の少女 - 競馬ニュース | http://netkeiba.com  http://pr.news.sp.netkeiba.com/?pid=tarekomi_view&no=3052 … @netkeiba.comさんから
頑張れ（＾∇＾）",161897345,OT,TAKAYUKI_45,2014-01-12 21:44:29,0,0
422514279477035008,"あの名馬も、あの騎手も、実名で登場！スマホで無料で遊べる3D競馬ゲーム『ダービーインパクト』で最強馬を育成しよう！ #ダビパク
【プレゼントが貰える招待コード】228618844 http://www.derbyimpact.jp ",161897345,OT,TAKAYUKI_45,2014-01-13 08:43:48,0,0
422871765237256192,"あの名馬も、あの騎手も、実名で登場！スマホで無料で遊べる3D競馬ゲーム『ダービーインパクト』で最強馬を育成しよう！ #ダビパク
【プレゼントが貰える招待コード】228618844 http://www.derbyimpact.jp ",161897345,OT,TAKAYUKI_45,2014-01-14 08:24:20,0,0
423246801710243840,"あの名馬も、あの騎手も、実名で登場！スマホで無料で遊べる3D競馬ゲーム『ダービーインパクト』で最強馬を育成しよう！ #ダビパク
【プレゼントが貰える招待コード】228618844 http://www.derbyimpact.jp ",161897345,OT,TAKAYUKI_45,2014-01-15 09:14:35,0,0
423476761255739392,"あの名馬も、あの騎手も、実名で登場！スマホで無料で遊べる3D競馬ゲーム『ダービーインパクト』で最強馬を育成しよう！ #ダビパク
【プレゼントが貰える招待コード】228618844 http://www.derbyimpact.jp ",161897345,OT,TAKAYUKI_45,2014-01-16 00:28:22,0,0
423565414480621568,ミラン本田が初先発で初ゴール…ホームでの3ゴール快勝に貢献（SOCCER KING） - Y!ニュース http://headlines.yahoo.co.jp/hl?a=20140116-00162621-soccerk-socc …,161897345,OT,TAKAYUKI_45,2014-01-16 06:20:38,0,0
424053824299339776,"あの名馬も、あの騎手も、実名で登場！スマホで無料で遊べる3D競馬ゲーム『ダービーインパクト』で最強馬を育成しよう！ #ダビパク
【プレゼントが貰える招待コード】228618844 http://www.derbyimpact.jp ",161897345,OT,TAKAYUKI_45,2014-01-17 14:41:24,0,0
424327902277033984,"あの名馬も、あの騎手も、実名で登場！スマホで無料で遊べる3D競馬ゲーム『ダービーインパクト』で最強馬を育成しよう！ #ダビパク
【プレゼントが貰える招待コード】228618844 http://www.derbyimpact.jp ",161897345,OT,TAKAYUKI_45,2014-01-18 08:50:30,0,0
424684833210507265,"あの名馬も、あの騎手も、実名で登場！スマホで無料で遊べる3D競馬ゲーム『ダービーインパクト』で最強馬を育成しよう！ #ダビパク
【プレゼントが貰える招待コード】228618844 http://www.derbyimpact.jp ",161897345,OT,TAKAYUKI_45,2014-01-19 08:28:49,0,0
425033291008196610,"あの名馬も、あの騎手も、実名で登場！スマホで無料で遊べる3D競馬ゲーム『ダービーインパクト』で最強馬を育成しよう！ #ダビパク
【プレゼントが貰える招待コード】228618844 http://www.derbyimpact.jp ",161897345,OT,TAKAYUKI_45,2014-01-20 07:33:27,0,0
425467834013986816,"あの名馬も、あの騎手も、実名で登場！スマホで無料で遊べる3D競馬ゲーム『ダービーインパクト』で最強馬を育成しよう！ #ダビパク
【プレゼントが貰える招待コード】228618844 http://www.derbyimpact.jp ",161897345,OT,TAKAYUKI_45,2014-01-21 12:20:11,0,0
425782040236007424,"あの名馬も、あの騎手も、実名で登場！スマホで無料で遊べる3D競馬ゲーム『ダービーインパクト』で最強馬を育成しよう！ #ダビパク
【プレゼントが貰える招待コード】228618844 http://www.derbyimpact.jp ",161897345,OT,TAKAYUKI_45,2014-01-22 09:08:43,0,0
426218384561143808,"あの名馬も、あの騎手も、実名で登場！スマホで無料で遊べる3D競馬ゲーム『ダービーインパクト』で最強馬を育成しよう！ #ダビパク
【プレゼントが貰える招待コード】228618844 http://www.derbyimpact.jp ",161897345,OT,TAKAYUKI_45,2014-01-23 14:02:36,0,0
426482423392526336,"あの名馬も、あの騎手も、実名で登場！スマホで無料で遊べる3D競馬ゲーム『ダービーインパクト』で最強馬を育成しよう！ #ダビパク
【プレゼントが貰える招待コード】228618844 http://www.derbyimpact.jp ",161897345,OT,TAKAYUKI_45,2014-01-24 07:31:48,0,0
426731420757667840,"あの名馬も、あの騎手も、実名で登場！スマホで無料で遊べる3D競馬ゲーム『ダービーインパクト』で最強馬を育成しよう！ #ダビパク
【プレゼントが貰える招待コード】228618844 http://www.derbyimpact.jp ",161897345,OT,TAKAYUKI_45,2014-01-25 00:01:13,0,0
427217260676005889,"あの名馬も、あの騎手も、実名で登場！スマホで無料で遊べる3D競馬ゲーム『ダービーインパクト』で最強馬を育成しよう！ #ダビパク
【プレゼントが貰える招待コード】228618844 http://www.derbyimpact.jp ",161897345,OT,TAKAYUKI_45,2014-01-26 08:11:46,0,0
427735847945789440,"あの名馬も、あの騎手も、実名で登場！スマホで無料で遊べる3D競馬ゲーム『ダービーインパクト』で最強馬を育成しよう！ #ダビパク
【プレゼントが貰える招待コード】228618844 http://www.derbyimpact.jp ",161897345,OT,TAKAYUKI_45,2014-01-27 18:32:27,0,0
427977974705446913,"あの名馬も、あの騎手も、実名で登場！スマホで無料で遊べる3D競馬ゲーム『ダービーインパクト』で最強馬を育成しよう！ #ダビパク
【プレゼントが貰える招待コード】228618844 http://www.derbyimpact.jp ",161897345,OT,TAKAYUKI_45,2014-01-28 10:34:35,0,0
428290062946557952,"あの名馬も、あの騎手も、実名で登場！スマホで無料で遊べる3D競馬ゲーム『ダービーインパクト』で最強馬を育成しよう！ #ダビパク
【プレゼントが貰える招待コード】228618844 http://www.derbyimpact.jp ",161897345,OT,TAKAYUKI_45,2014-01-29 07:14:42,0,0
428681991890825217,"あの名馬も、あの騎手も、実名で登場！スマホで無料で遊べる3D競馬ゲーム『ダービーインパクト』で最強馬を育成しよう！ #ダビパク
【プレゼントが貰える招待コード】228618844 http://www.derbyimpact.jp ",161897345,OT,TAKAYUKI_45,2014-01-30 09:12:06,0,0
429044419719749632,"あの名馬も、あの騎手も、実名で登場！スマホで無料で遊べる3D競馬ゲーム『ダービーインパクト』で最強馬を育成しよう！ #ダビパク
【プレゼントが貰える招待コード】228618844 http://www.derbyimpact.jp ",161897345,OT,TAKAYUKI_45,2014-01-31 09:12:15,0,0
429398243898687488,"あの名馬も、あの騎手も、実名で登場！スマホで無料で遊べる3D競馬ゲーム『ダービーインパクト』で最強馬を育成しよう！ #ダビパク
【プレゼントが貰える招待コード】228618844 http://www.derbyimpact.jp ",161897345,OT,TAKAYUKI_45,2014-02-01 08:38:13,0,0
429402731988520960,"LUNA SEA好きの１０代が居るんだ（＾∇＾）
LUNA SEA好き10代女子「世界にこんなにカッコイイ人いるの…」（NEWS ポストセブン） - Y!ニュース http://zasshi.news.yahoo.co.jp/article?a=20140131-00000015-pseven-ent …",161897345,OT,TAKAYUKI_45,2014-02-01 08:56:03,0,0
429403974483984385,＜小室哲哉＞交通事故に遭い明日のイベント延期　「回復に努めさせていただく」（まんたんウェブ） - Y!ニュース http://headlines.yahoo.co.jp/hl?a=20140131-00000012-mantan-ent …,161897345,OT,TAKAYUKI_45,2014-02-01 09:01:00,0,0
429625501674528768,決めろ！最速ドリフト！iOS向けドリフトゲーム「ドリフトスピリッツ」好評配信中！#ドリフトスピリッツ http://wpp.jp/drispi_app/ ,161897345,OT,TAKAYUKI_45,2014-02-01 23:41:16,0,0
429843198433693698,"あの名馬も、あの騎手も、実名で登場！スマホで無料で遊べる3D競馬ゲーム『ダービーインパクト』で最強馬を育成しよう！ #ダビパク
【プレゼントが貰える招待コード】228618844 http://www.derbyimpact.jp ",161897345,OT,TAKAYUKI_45,2014-02-02 14:06:19,0,0
430123232297877504,"あの名馬も、あの騎手も、実名で登場！スマホで無料で遊べる3D競馬ゲーム『ダービーインパクト』で最強馬を育成しよう！ #ダビパク
【プレゼントが貰える招待コード】228618844 http://www.derbyimpact.jp ",161897345,OT,TAKAYUKI_45,2014-02-03 08:39:04,0,0
430537174031687680,"あの名馬も、あの騎手も、実名で登場！スマホで無料で遊べる3D競馬ゲーム『ダービーインパクト』で最強馬を育成しよう！ #ダビパク
【プレゼントが貰える招待コード】228618844 http://www.derbyimpact.jp ",161897345,OT,TAKAYUKI_45,2014-02-04 12:03:55,0,0
430842675541979137,"あの名馬も、あの騎手も、実名で登場！スマホで無料で遊べる3D競馬ゲーム『ダービーインパクト』で最強馬を育成しよう！ #ダビパク
【プレゼントが貰える招待コード】228618844 http://www.derbyimpact.jp ",161897345,OT,TAKAYUKI_45,2014-02-05 08:17:53,0,0
431224561443418112,"あの名馬も、あの騎手も、実名で登場！スマホで無料で遊べる3D競馬ゲーム『ダービーインパクト』で最強馬を育成しよう！ #ダビパク
【プレゼントが貰える招待コード】228618844 http://www.derbyimpact.jp ",161897345,OT,TAKAYUKI_45,2014-02-06 09:35:21,0,0
431544878707646464,"あの名馬も、あの騎手も、実名で登場！スマホで無料で遊べる3D競馬ゲーム『ダービーインパクト』で最強馬を育成しよう！ #ダビパク
【プレゼントが貰える招待コード】228618844 http://www.derbyimpact.jp ",161897345,OT,TAKAYUKI_45,2014-02-07 06:48:11,0,0
431925870186352640,"あの名馬も、あの騎手も、実名で登場！スマホで無料で遊べる3D競馬ゲーム『ダービーインパクト』で最強馬を育成しよう！ #ダビパク
【プレゼントが貰える招待コード】228618844 http://www.derbyimpact.jp ",161897345,OT,TAKAYUKI_45,2014-02-08 08:02:06,0,0
432300331079184384,"あの名馬も、あの騎手も、実名で登場！スマホで無料で遊べる3D競馬ゲーム『ダービーインパクト』で最強馬を育成しよう！ #ダビパク
【プレゼントが貰える招待コード】228618844 http://www.derbyimpact.jp ",161897345,OT,TAKAYUKI_45,2014-02-09 08:50:05,0,0
432655510630694912,"あの名馬も、あの騎手も、実名で登場！スマホで無料で遊べる3D競馬ゲーム『ダービーインパクト』で最強馬を育成しよう！ #ダビパク
【プレゼントが貰える招待コード】228618844 http://www.derbyimpact.jp ",161897345,OT,TAKAYUKI_45,2014-02-10 08:21:26,0,0
432898326015397888,"やばいよ泣
昨年末で国の借金1017兆円＝1人800万円、過去最大―財務省（時事通信） - Y!ニュース http://headlines.yahoo.co.jp/hl?a=20140210-00000084-jij-pol …",161897345,OT,TAKAYUKI_45,2014-02-11 00:26:18,0,0
433062682074165248,"あの名馬も、あの騎手も、実名で登場！スマホで無料で遊べる3D競馬ゲーム『ダービーインパクト』で最強馬を育成しよう！ #ダビパク
【プレゼントが貰える招待コード】228618844 http://www.derbyimpact.jp ",161897345,OT,TAKAYUKI_45,2014-02-11 11:19:23,0,0
433369851646595073,"あの名馬も、あの騎手も、実名で登場！スマホで無料で遊べる3D競馬ゲーム『ダービーインパクト』で最強馬を育成しよう！ #ダビパク
【プレゼントが貰える招待コード】228618844 http://www.derbyimpact.jp ",161897345,OT,TAKAYUKI_45,2014-02-12 07:39:58,0,0
433534438031380480,「残虐ゲーム」強要半年、異例の逮捕…９歳が受けた深刻ダメージ（産経新聞） - Y!ニュース http://headlines.yahoo.co.jp/hl?a=20140212-00000563-san-soci …,161897345,OT,TAKAYUKI_45,2014-02-12 18:33:59,0,0
433750320636637184,"あの名馬も、あの騎手も、実名で登場！スマホで無料で遊べる3D競馬ゲーム『ダービーインパクト』で最強馬を育成しよう！ #ダビパク
【プレゼントが貰える招待コード】228618844 http://www.derbyimpact.jp ",161897345,OT,TAKAYUKI_45,2014-02-13 08:51:49,0,0
434106245255942144,"あの名馬も、あの騎手も、実名で登場！スマホで無料で遊べる3D競馬ゲーム『ダービーインパクト』で最強馬を育成しよう！ #ダビパク
【プレゼントが貰える招待コード】228618844 http://www.derbyimpact.jp ",161897345,OT,TAKAYUKI_45,2014-02-14 08:26:08,0,0
434508417118400512,"あの名馬も、あの騎手も、実名で登場！スマホで無料で遊べる3D競馬ゲーム『ダービーインパクト』で最強馬を育成しよう！ #ダビパク
【プレゼントが貰える招待コード】228618844 http://www.derbyimpact.jp ",161897345,OT,TAKAYUKI_45,2014-02-15 11:04:14,0,0
434850782806958080,"あの名馬も、あの騎手も、実名で登場！スマホで無料で遊べる3D競馬ゲーム『ダービーインパクト』で最強馬を育成しよう！ #ダビパク
【プレゼントが貰える招待コード】228618844 http://www.derbyimpact.jp ",161897345,OT,TAKAYUKI_45,2014-02-16 09:44:40,0,0
435349665475592192,"あの名馬も、あの騎手も、実名で登場！スマホで無料で遊べる3D競馬ゲーム『ダービーインパクト』で最強馬を育成しよう！ #ダビパク
【プレゼントが貰える招待コード】228618844 http://www.derbyimpact.jp ",161897345,OT,TAKAYUKI_45,2014-02-17 18:47:03,0,0
435917351498694656,"あの名馬も、あの騎手も、実名で登場！スマホで無料で遊べる3D競馬ゲーム『ダービーインパクト』で最強馬を育成しよう！ #ダビパク
【プレゼントが貰える招待コード】228618844 http://www.derbyimpact.jp ",161897345,OT,TAKAYUKI_45,2014-02-19 08:22:50,0,0
436166699679621120,"あの名馬も、あの騎手も、実名で登場！スマホで無料で遊べる3D競馬ゲーム『ダービーインパクト』で最強馬を育成しよう！ #ダビパク
【プレゼントが貰える招待コード】228618844 http://www.derbyimpact.jp ",161897345,OT,TAKAYUKI_45,2014-02-20 00:53:39,0,0
436536982458474496,"あの名馬も、あの騎手も、実名で登場！スマホで無料で遊べる3D競馬ゲーム『ダービーインパクト』で最強馬を育成しよう！ #ダビパク
【プレゼントが貰える招待コード】228618844 http://www.derbyimpact.jp ",161897345,OT,TAKAYUKI_45,2014-02-21 01:25:01,0,0
437055944413831168,"あの名馬も、あの騎手も、実名で登場！スマホで無料で遊べる3D競馬ゲーム『ダービーインパクト』で最強馬を育成しよう！ #ダビパク
【プレゼントが貰える招待コード】228618844 http://www.derbyimpact.jp ",161897345,OT,TAKAYUKI_45,2014-02-22 11:47:11,0,0
437459380703739905,"あの名馬も、あの騎手も、実名で登場！スマホで無料で遊べる3D競馬ゲーム『ダービーインパクト』で最強馬を育成しよう！ #ダビパク
【プレゼントが貰える招待コード】228618844 http://www.derbyimpact.jp ",161897345,OT,TAKAYUKI_45,2014-02-23 14:30:18,0,0
437738579368767488,"あの名馬も、あの騎手も、実名で登場！スマホで無料で遊べる3D競馬ゲーム『ダービーインパクト』で最強馬を育成しよう！ #ダビパク
【プレゼントが貰える招待コード】228618844 http://www.derbyimpact.jp ",161897345,OT,TAKAYUKI_45,2014-02-24 08:59:44,0,0
438097057270616064,"あの名馬も、あの騎手も、実名で登場！スマホで無料で遊べる3D競馬ゲーム『ダービーインパクト』で最強馬を育成しよう！ #ダビパク
【プレゼントが貰える招待コード】228618844 http://www.derbyimpact.jp ",161897345,OT,TAKAYUKI_45,2014-02-25 08:44:12,0,0
438330728426639360,"あの名馬も、あの騎手も、実名で登場！スマホで無料で遊べる3D競馬ゲーム『ダービーインパクト』で最強馬を育成しよう！ #ダビパク
【プレゼントが貰える招待コード】228618844 http://www.derbyimpact.jp ",161897345,OT,TAKAYUKI_45,2014-02-26 00:12:44,0,0
438690102986825729,"あの名馬も、あの騎手も、実名で登場！スマホで無料で遊べる3D競馬ゲーム『ダービーインパクト』で最強馬を育成しよう！ #ダビパク
【プレゼントが貰える招待コード】228618844 http://www.derbyimpact.jp ",161897345,OT,TAKAYUKI_45,2014-02-27 00:00:45,0,0
439157303179501568,"あの名馬も、あの騎手も、実名で登場！スマホで無料で遊べる3D競馬ゲーム『ダービーインパクト』で最強馬を育成しよう！ #ダビパク
【プレゼントが貰える招待コード】228618844 http://www.derbyimpact.jp ",161897345,OT,TAKAYUKI_45,2014-02-28 06:57:14,0,0
439552369848639488,"あの名馬も、あの騎手も、実名で登場！スマホで無料で遊べる3D競馬ゲーム『ダービーインパクト』で最強馬を育成しよう！ #ダビパク
【プレゼントが貰える招待コード】228618844 http://www.derbyimpact.jp ",161897345,OT,TAKAYUKI_45,2014-03-01 09:07:06,0,0
439781412179156992,"あの名馬も、あの騎手も、実名で登場！スマホで無料で遊べる3D競馬ゲーム『ダービーインパクト』で最強馬を育成しよう！ #ダビパク
【プレゼントが貰える招待コード】228618844 http://www.derbyimpact.jp ",161897345,OT,TAKAYUKI_45,2014-03-02 00:17:14,0,0
439789433374515200,大阪プロレスが事実上の“解散”へ…所属選手ゼロに（デイリースポーツ） - Y!ニュース http://headlines.yahoo.co.jp/hl?a=20140301-00000066-dal-fight …,161897345,OT,TAKAYUKI_45,2014-03-02 00:49:06,0,0
440142503639912448,"あの名馬も、あの騎手も、実名で登場！スマホで無料で遊べる3D競馬ゲーム『ダービーインパクト』で最強馬を育成しよう！ #ダビパク
【プレゼントが貰える招待コード】228618844 http://www.derbyimpact.jp ",161897345,OT,TAKAYUKI_45,2014-03-03 00:12:04,0,0
440632904188583936,"あの名馬も、あの騎手も、実名で登場！スマホで無料で遊べる3D競馬ゲーム『ダービーインパクト』で最強馬を育成しよう！ #ダビパク
【プレゼントが貰える招待コード】228618844 http://www.derbyimpact.jp ",161897345,OT,TAKAYUKI_45,2014-03-04 08:40:45,0,0
440995081869197312,"あの名馬も、あの騎手も、実名で登場！スマホで無料で遊べる3D競馬ゲーム『ダービーインパクト』で最強馬を育成しよう！ #ダビパク
【プレゼントが貰える招待コード】228618844 http://www.derbyimpact.jp ",161897345,OT,TAKAYUKI_45,2014-03-05 08:39:55,0,0
441229240063631360,"あの名馬も、あの騎手も、実名で登場！スマホで無料で遊べる3D競馬ゲーム『ダービーインパクト』で最強馬を育成しよう！ #ダビパク
【プレゼントが貰える招待コード】228618844 http://www.derbyimpact.jp ",161897345,OT,TAKAYUKI_45,2014-03-06 00:10:23,0,0
441719113082097664,"あの名馬も、あの騎手も、実名で登場！スマホで無料で遊べる3D競馬ゲーム『ダービーインパクト』で最強馬を育成しよう！ #ダビパク
【プレゼントが貰える招待コード】228618844 http://www.derbyimpact.jp ",161897345,OT,TAKAYUKI_45,2014-03-07 08:36:57,0,0
442097180350746624,"あの名馬も、あの騎手も、実名で登場！スマホで無料で遊べる3D競馬ゲーム『ダービーインパクト』で最強馬を育成しよう！ #ダビパク
【プレゼントが貰える招待コード】228618844 http://www.derbyimpact.jp ",161897345,OT,TAKAYUKI_45,2014-03-08 09:39:16,0,0
442316092149485568,"あの名馬も、あの騎手も、実名で登場！スマホで無料で遊べる3D競馬ゲーム『ダービーインパクト』で最強馬を育成しよう！ #ダビパク
【プレゼントが貰える招待コード】228618844 http://www.derbyimpact.jp ",161897345,OT,TAKAYUKI_45,2014-03-09 00:09:08,0,0
442805672325812224,"あの名馬も、あの騎手も、実名で登場！スマホで無料で遊べる3D競馬ゲーム『ダービーインパクト』で最強馬を育成しよう！ #ダビパク
【プレゼントが貰える招待コード】228618844 http://www.derbyimpact.jp ",161897345,OT,TAKAYUKI_45,2014-03-10 08:34:33,0,0
443052886063206400,"あの名馬も、あの騎手も、実名で登場！スマホで無料で遊べる3D競馬ゲーム『ダービーインパクト』で最強馬を育成しよう！ #ダビパク
【プレゼントが貰える招待コード】228618844 http://www.derbyimpact.jp ",161897345,OT,TAKAYUKI_45,2014-03-11 00:56:54,0,0
443494412731965440,"あの名馬も、あの騎手も、実名で登場！スマホで無料で遊べる3D競馬ゲーム『ダービーインパクト』で最強馬を育成しよう！ #ダビパク
【プレゼントが貰える招待コード】228618844 http://www.derbyimpact.jp ",161897345,OT,TAKAYUKI_45,2014-03-12 06:11:22,0,0
443763653364297728,"あの名馬も、あの騎手も、実名で登場！スマホで無料で遊べる3D競馬ゲーム『ダービーインパクト』で最強馬を育成しよう！ #ダビパク
【プレゼントが貰える招待コード】228618844 http://www.derbyimpact.jp ",161897345,OT,TAKAYUKI_45,2014-03-13 00:01:14,0,0
444126192128380928,"あの名馬も、あの騎手も、実名で登場！スマホで無料で遊べる3D競馬ゲーム『ダービーインパクト』で最強馬を育成しよう！ #ダビパク
【プレゼントが貰える招待コード】228618844 http://www.derbyimpact.jp ",161897345,OT,TAKAYUKI_45,2014-03-14 00:01:50,0,0
444496287300190208,"あの名馬も、あの騎手も、実名で登場！スマホで無料で遊べる3D競馬ゲーム『ダービーインパクト』で最強馬を育成しよう！ #ダビパク
【プレゼントが貰える招待コード】228618844 http://www.derbyimpact.jp ",161897345,OT,TAKAYUKI_45,2014-03-15 00:32:27,0,0
444969228538368000,"あの名馬も、あの騎手も、実名で登場！スマホで無料で遊べる3D競馬ゲーム『ダービーインパクト』で最強馬を育成しよう！ #ダビパク
【プレゼントが貰える招待コード】228618844 http://www.derbyimpact.jp ",161897345,OT,TAKAYUKI_45,2014-03-16 07:51:45,0,0
445214794488893440,"あの名馬も、あの騎手も、実名で登場！スマホで無料で遊べる3D競馬ゲーム『ダービーインパクト』で最強馬を育成しよう！ #ダビパク
【プレゼントが貰える招待コード】228618844 http://www.derbyimpact.jp ",161897345,OT,TAKAYUKI_45,2014-03-17 00:07:33,0,0
445585336303759362,"あの名馬も、あの騎手も、実名で登場！スマホで無料で遊べる3D競馬ゲーム『ダービーインパクト』で最強馬を育成しよう！ #ダビパク
【プレゼントが貰える招待コード】228618844 http://www.derbyimpact.jp ",161897345,OT,TAKAYUKI_45,2014-03-18 00:39:57,0,0
445939165532655616,"あの名馬も、あの騎手も、実名で登場！スマホで無料で遊べる3D競馬ゲーム『ダービーインパクト』で最強馬を育成しよう！ #ダビパク
【プレゼントが貰える招待コード】228618844 http://www.derbyimpact.jp ",161897345,OT,TAKAYUKI_45,2014-03-19 00:05:56,0,0
446303379883425793,"あの名馬も、あの騎手も、実名で登場！スマホで無料で遊べる3D競馬ゲーム『ダービーインパクト』で最強馬を育成しよう！ #ダビパク
【プレゼントが貰える招待コード】228618844 http://www.derbyimpact.jp ",161897345,OT,TAKAYUKI_45,2014-03-20 00:13:12,0,0
446804312207785985,"あの名馬も、あの騎手も、実名で登場！スマホで無料で遊べる3D競馬ゲーム『ダービーインパクト』で最強馬を育成しよう！ #ダビパク
【プレゼントが貰える招待コード】228618844 http://www.derbyimpact.jp ",161897345,OT,TAKAYUKI_45,2014-03-21 09:23:43,0,0
447025035824218112,"あの名馬も、あの騎手も、実名で登場！スマホで無料で遊べる3D競馬ゲーム『ダービーインパクト』で最強馬を育成しよう！ #ダビパク
【プレゼントが貰える招待コード】228618844 http://www.derbyimpact.jp ",161897345,OT,TAKAYUKI_45,2014-03-22 00:00:48,0,0
447387725746814979,"あの名馬も、あの騎手も、実名で登場！スマホで無料で遊べる3D競馬ゲーム『ダービーインパクト』で最強馬を育成しよう！ #ダビパク
【プレゼントが貰える招待コード】228618844 http://www.derbyimpact.jp ",161897345,OT,TAKAYUKI_45,2014-03-23 00:02:00,0,0
447764957010984960,"あの名馬も、あの騎手も、実名で登場！スマホで無料で遊べる3D競馬ゲーム『ダービーインパクト』で最強馬を育成しよう！ #ダビパク
【プレゼントが貰える招待コード】228618844 http://www.derbyimpact.jp ",161897345,OT,TAKAYUKI_45,2014-03-24 01:00:59,0,0
448113259413909504,"あの名馬も、あの騎手も、実名で登場！スマホで無料で遊べる3D競馬ゲーム『ダービーインパクト』で最強馬を育成しよう！ #ダビパク
【プレゼントが貰える招待コード】228618844 http://www.derbyimpact.jp ",161897345,OT,TAKAYUKI_45,2014-03-25 00:05:01,0,0
448567818733096960,"あの名馬も、あの騎手も、実名で登場！スマホで無料で遊べる3D競馬ゲーム『ダービーインパクト』で最強馬を育成しよう！ #ダビパク
【プレゼントが貰える招待コード】228618844 http://www.derbyimpact.jp ",161897345,OT,TAKAYUKI_45,2014-03-26 06:11:16,0,0
448837327402446849,"あの名馬も、あの騎手も、実名で登場！スマホで無料で遊べる3D競馬ゲーム『ダービーインパクト』で最強馬を育成しよう！ #ダビパク
【プレゼントが貰える招待コード】228618844 http://www.derbyimpact.jp ",161897345,OT,TAKAYUKI_45,2014-03-27 00:02:12,0,0
449293164839329792,"あの名馬も、あの騎手も、実名で登場！スマホで無料で遊べる3D競馬ゲーム『ダービーインパクト』で最強馬を育成しよう！ #ダビパク
【プレゼントが貰える招待コード】228618844 http://www.derbyimpact.jp ",161897345,OT,TAKAYUKI_45,2014-03-28 06:13:32,0,0
449633213242028032,"あの名馬も、あの騎手も、実名で登場！スマホで無料で遊べる3D競馬ゲーム『ダービーインパクト』で最強馬を育成しよう！ #ダビパク
【プレゼントが貰える招待コード】228618844 http://www.derbyimpact.jp ",161897345,OT,TAKAYUKI_45,2014-03-29 04:44:46,0,0
449692458067042304,"裁判官の言葉良いね（≧∇≦）
フェラーリ暴走、格好よくない…初公判で裁判官 : 社会 : YOMIURI ONLINE（読売新聞） http://www.yomiuri.co.jp/national/news/20140314-OYT1T00154.htm?from=tw …",161897345,OT,TAKAYUKI_45,2014-03-29 08:40:11,0,0
450035166518333440,"あの名馬も、あの騎手も、実名で登場！スマホで無料で遊べる3D競馬ゲーム『ダービーインパクト』で最強馬を育成しよう！ #ダビパク
【プレゼントが貰える招待コード】228618844 http://www.derbyimpact.jp ",161897345,OT,TAKAYUKI_45,2014-03-30 07:21:59,0,0
450292143844651008,"あの名馬も、あの騎手も、実名で登場！スマホで無料で遊べる3D競馬ゲーム『ダービーインパクト』で最強馬を育成しよう！ #ダビパク
【プレゼントが貰える招待コード】228618844 http://www.derbyimpact.jp ",161897345,OT,TAKAYUKI_45,2014-03-31 00:23:07,0,0
450765845812101120,"あの名馬も、あの騎手も、実名で登場！スマホで無料で遊べる3D競馬ゲーム『ダービーインパクト』で最強馬を育成しよう！ #ダビパク
【プレゼントが貰える招待コード】228618844 http://www.derbyimpact.jp ",161897345,OT,TAKAYUKI_45,2014-04-01 07:45:27,0,0
451014782062034944,"あの名馬も、あの騎手も、実名で登場！スマホで無料で遊べる3D競馬ゲーム『ダービーインパクト』で最強馬を育成しよう！ #ダビパク
【プレゼントが貰える招待コード】228618844 http://www.derbyimpact.jp ",161897345,OT,TAKAYUKI_45,2014-04-02 00:14:38,0,0
451376786124070912,"あの名馬も、あの騎手も、実名で登場！スマホで無料で遊べる3D競馬ゲーム『ダービーインパクト』で最強馬を育成しよう！ #ダビパク
【プレゼントが貰える招待コード】228618844 http://www.derbyimpact.jp ",161897345,OT,TAKAYUKI_45,2014-04-03 00:13:06,0,0
451736366842253312,"あの名馬も、あの騎手も、実名で登場！スマホで無料で遊べる3D競馬ゲーム『ダービーインパクト』で最強馬を育成しよう！ #ダビパク
【プレゼントが貰える招待コード】228618844 http://www.derbyimpact.jp ",161897345,OT,TAKAYUKI_45,2014-04-04 00:01:57,0,0
452098457134563328,"あの名馬も、あの騎手も、実名で登場！スマホで無料で遊べる3D競馬ゲーム『ダービーインパクト』で最強馬を育成しよう！ #ダビパク
【プレゼントが貰える招待コード】228618844 http://www.derbyimpact.jp ",161897345,OT,TAKAYUKI_45,2014-04-05 00:00:46,0,0
452584521188130816,"あの名馬も、あの騎手も、実名で登場！スマホで無料で遊べる3D競馬ゲーム『ダービーインパクト』で最強馬を育成しよう！ #ダビパク
【プレゼントが貰える招待コード】228618844 http://www.derbyimpact.jp ",161897345,OT,TAKAYUKI_45,2014-04-06 08:12:13,0,0
452931014021484544,"あの名馬も、あの騎手も、実名で登場！スマホで無料で遊べる3D競馬ゲーム『ダービーインパクト』で最強馬を育成しよう！ #ダビパク
【プレゼントが貰える招待コード】228618844 http://www.derbyimpact.jp ",161897345,OT,TAKAYUKI_45,2014-04-07 07:09:03,0,0
453269670741569536,"あの名馬も、あの騎手も、実名で登場！スマホで無料で遊べる3D競馬ゲーム『ダービーインパクト』で最強馬を育成しよう！ #ダビパク
【プレゼントが貰える招待コード】228618844 http://www.derbyimpact.jp ",161897345,OT,TAKAYUKI_45,2014-04-08 05:34:45,0,0
453553204655976448,"あの名馬も、あの騎手も、実名で登場！スマホで無料で遊べる3D競馬ゲーム『ダービーインパクト』で最強馬を育成しよう！ #ダビパク
【プレゼントが貰える招待コード】228618844 http://www.derbyimpact.jp ",161897345,OT,TAKAYUKI_45,2014-04-09 00:21:25,0,0
453925504576286721,"あの名馬も、あの騎手も、実名で登場！スマホで無料で遊べる3D競馬ゲーム『ダービーインパクト』で最強馬を育成しよう！ #ダビパク
【プレゼントが貰える招待コード】228618844 http://www.derbyimpact.jp ",161897345,OT,TAKAYUKI_45,2014-04-10 01:00:48,0,0
454384902348103680,"あの名馬も、あの騎手も、実名で登場！スマホで無料で遊べる3D競馬ゲーム『ダービーインパクト』で最強馬を育成しよう！ #ダビパク
【プレゼントが貰える招待コード】228618844 http://www.derbyimpact.jp ",161897345,OT,TAKAYUKI_45,2014-04-11 07:26:17,0,0
454638750337728512,"あの名馬も、あの騎手も、実名で登場！スマホで無料で遊べる3D競馬ゲーム『ダービーインパクト』で最強馬を育成しよう！ #ダビパク
【プレゼントが貰える招待コード】228618844 http://www.derbyimpact.jp ",161897345,OT,TAKAYUKI_45,2014-04-12 00:14:59,0,0
455119521863323648,"あの名馬も、あの騎手も、実名で登場！スマホで無料で遊べる3D競馬ゲーム『ダービーインパクト』で最強馬を育成しよう！ #ダビパク
【プレゼントが貰える招待コード】228618844 http://www.derbyimpact.jp ",161897345,OT,TAKAYUKI_45,2014-04-13 08:05:24,0,0
455477194220138496,"あの名馬も、あの騎手も、実名で登場！スマホで無料で遊べる3D競馬ゲーム『ダービーインパクト』で最強馬を育成しよう！ #ダビパク
【プレゼントが貰える招待コード】228618844 http://www.derbyimpact.jp ",161897345,OT,TAKAYUKI_45,2014-04-14 07:46:40,0,0
456721494177878016,"あの名馬も、あの騎手も、実名で登場！スマホで無料で遊べる3D競馬ゲーム『ダービーインパクト』で最強馬を育成しよう！ #ダビパク
【プレゼントが貰える招待コード】228618844 http://www.derbyimpact.jp ",161897345,OT,TAKAYUKI_45,2014-04-17 18:11:04,0,0
457263757270339584,"あの名馬も、あの騎手も、実名で登場！スマホで無料で遊べる3D競馬ゲーム『ダービーインパクト』で最強馬を育成しよう！ #ダビパク
【プレゼントが貰える招待コード】228618844 http://www.derbyimpact.jp ",161897345,OT,TAKAYUKI_45,2014-04-19 06:05:49,0,0
457641284534931456,"あの名馬も、あの騎手も、実名で登場！スマホで無料で遊べる3D競馬ゲーム『ダービーインパクト』で最強馬を育成しよう！ #ダビパク
【プレゼントが貰える招待コード】228618844 http://www.derbyimpact.jp ",161897345,OT,TAKAYUKI_45,2014-04-20 07:05:59,0,0
457899531737104384,"あの名馬も、あの騎手も、実名で登場！スマホで無料で遊べる3D競馬ゲーム『ダービーインパクト』で最強馬を育成しよう！ #ダビパク
【プレゼントが貰える招待コード】228618844 http://www.derbyimpact.jp ",161897345,OT,TAKAYUKI_45,2014-04-21 00:12:10,0,0
458373729462931456,"あの名馬も、あの騎手も、実名で登場！スマホで無料で遊べる3D競馬ゲーム『ダービーインパクト』で最強馬を育成しよう！ #ダビパク
【プレゼントが貰える招待コード】228618844 http://www.derbyimpact.jp ",161897345,OT,TAKAYUKI_45,2014-04-22 07:36:27,0,0
458635864977858560,"あの名馬も、あの騎手も、実名で登場！スマホで無料で遊べる3D競馬ゲーム『ダービーインパクト』で最強馬を育成しよう！ #ダビパク
【プレゼントが貰える招待コード】228618844 http://www.derbyimpact.jp ",161897345,OT,TAKAYUKI_45,2014-04-23 00:58:05,0,0
458988850321174528,"あの名馬も、あの騎手も、実名で登場！スマホで無料で遊べる3D競馬ゲーム『ダービーインパクト』で最強馬を育成しよう！ #ダビパク
【プレゼントが貰える招待コード】228618844 http://www.derbyimpact.jp ",161897345,OT,TAKAYUKI_45,2014-04-24 00:20:44,0,0
459471141254361088,"あの名馬も、あの騎手も、実名で登場！スマホで無料で遊べる3D競馬ゲーム『ダービーインパクト』で最強馬を育成しよう！ #ダビパク
【プレゼントが貰える招待コード】228618844 http://www.derbyimpact.jp ",161897345,OT,TAKAYUKI_45,2014-04-25 08:17:11,0,0
459715438687956993,"あの名馬も、あの騎手も、実名で登場！スマホで無料で遊べる3D競馬ゲーム『ダービーインパクト』で最強馬を育成しよう！ #ダビパク
【プレゼントが貰える招待コード】228618844 http://www.derbyimpact.jp ",161897345,OT,TAKAYUKI_45,2014-04-26 00:27:56,0,0
460201551215067138,"あの名馬も、あの騎手も、実名で登場！スマホで無料で遊べる3D競馬ゲーム『ダービーインパクト』で最強馬を育成しよう！ #ダビパク
【プレゼントが貰える招待コード】228618844 http://www.derbyimpact.jp ",161897345,OT,TAKAYUKI_45,2014-04-27 08:39:34,0,0
460566287966420992,"あの名馬も、あの騎手も、実名で登場！スマホで無料で遊べる3D競馬ゲーム『ダービーインパクト』で最強馬を育成しよう！ #ダビパク
【プレゼントが貰える招待コード】228618844 http://www.derbyimpact.jp ",161897345,OT,TAKAYUKI_45,2014-04-28 08:48:54,0,0
460809546357698560,"あの名馬も、あの騎手も、実名で登場！スマホで無料で遊べる3D競馬ゲーム『ダービーインパクト』で最強馬を育成しよう！ #ダビパク
【プレゼントが貰える招待コード】228618844 http://www.derbyimpact.jp ",161897345,OT,TAKAYUKI_45,2014-04-29 00:55:31,0,0
461246417864892416,"あの名馬も、あの騎手も、実名で登場！スマホで無料で遊べる3D競馬ゲーム『ダービーインパクト』で最強馬を育成しよう！ #ダビパク
【プレゼントが貰える招待コード】228618844 http://www.derbyimpact.jp ",161897345,OT,TAKAYUKI_45,2014-04-30 05:51:30,0,0
461614805195845633,"あの名馬も、あの騎手も、実名で登場！スマホで無料で遊べる3D競馬ゲーム『ダービーインパクト』で最強馬を育成しよう！ #ダビパク
【プレゼントが貰える招待コード】228618844 http://www.derbyimpact.jp ",161897345,OT,TAKAYUKI_45,2014-05-01 06:15:20,0,0
461885155112538113,"あの名馬も、あの騎手も、実名で登場！スマホで無料で遊べる3D競馬ゲーム『ダービーインパクト』で最強馬を育成しよう！ #ダビパク
【プレゼントが貰える招待コード】228618844 http://www.derbyimpact.jp ",161897345,OT,TAKAYUKI_45,2014-05-02 00:09:37,0,0
462386854533140480,"あの名馬も、あの騎手も、実名で登場！スマホで無料で遊べる3D競馬ゲーム『ダービーインパクト』で最強馬を育成しよう！ #ダビパク
【プレゼントが貰える招待コード】228618844 http://www.derbyimpact.jp ",161897345,OT,TAKAYUKI_45,2014-05-03 09:23:11,0,0
462742076140953600,"あの名馬も、あの騎手も、実名で登場！スマホで無料で遊べる3D競馬ゲーム『ダービーインパクト』で最強馬を育成しよう！ #ダビパク
【プレゼントが貰える招待コード】228618844 http://www.derbyimpact.jp ",161897345,OT,TAKAYUKI_45,2014-05-04 08:54:42,0,0
462970363169619968,"あの名馬も、あの騎手も、実名で登場！スマホで無料で遊べる3D競馬ゲーム『ダービーインパクト』で最強馬を育成しよう！ #ダビパク
【プレゼントが貰える招待コード】228618844 http://www.derbyimpact.jp ",161897345,OT,TAKAYUKI_45,2014-05-05 00:01:50,0,0
463438301056098304,"あの名馬も、あの騎手も、実名で登場！スマホで無料で遊べる3D競馬ゲーム『ダービーインパクト』で最強馬を育成しよう！ #ダビパク
【プレゼントが貰える招待コード】228618844 http://www.derbyimpact.jp ",161897345,OT,TAKAYUKI_45,2014-05-06 07:01:15,0,0
463819500635172864,"あの名馬も、あの騎手も、実名で登場！スマホで無料で遊べる3D競馬ゲーム『ダービーインパクト』で最強馬を育成しよう！ #ダビパク
【プレゼントが貰える招待コード】228618844 http://www.derbyimpact.jp ",161897345,OT,TAKAYUKI_45,2014-05-07 08:16:00,0,0
484472704766976000,"あの名馬も、あの騎手も、実名で登場！スマホで無料で遊べる3D競馬ゲーム『ダービーインパクト』で最強馬を育成しよう！ #ダビパク
【プレゼントが貰える招待コード】228618844 http://www.derbyimpact.jp ",161897345,OT,TAKAYUKI_45,2014-07-03 08:04:28,0,0
484816085351268353,"あの名馬も、あの騎手も、実名で登場！スマホで無料で遊べる3D競馬ゲーム『ダービーインパクト』で最強馬を育成しよう！ #ダビパク
【プレゼントが貰える招待コード】228618844 http://www.derbyimpact.jp ",161897345,OT,TAKAYUKI_45,2014-07-04 06:48:56,0,0
485178342497198080,"あの名馬も、あの騎手も、実名で登場！スマホで無料で遊べる3D競馬ゲーム『ダービーインパクト』で最強馬を育成しよう！ #ダビパク
【プレゼントが貰える招待コード】228618844 http://www.derbyimpact.jp ",161897345,OT,TAKAYUKI_45,2014-07-05 06:48:25,0,0
485530620810911746,"あの名馬も、あの騎手も、実名で登場！スマホで無料で遊べる3D競馬ゲーム『ダービーインパクト』で最強馬を育成しよう！ #ダビパク
【プレゼントが貰える招待コード】228618844 http://www.derbyimpact.jp ",161897345,OT,TAKAYUKI_45,2014-07-06 06:08:15,0,0
485906285208932352,"あの名馬も、あの騎手も、実名で登場！スマホで無料で遊べる3D競馬ゲーム『ダービーインパクト』で最強馬を育成しよう！ #ダビパク
【プレゼントが貰える招待コード】228618844 http://www.derbyimpact.jp ",161897345,OT,TAKAYUKI_45,2014-07-07 07:01:00,0,0
486264378291798017,"あの名馬も、あの騎手も、実名で登場！スマホで無料で遊べる3D競馬ゲーム『ダービーインパクト』で最強馬を育成しよう！ #ダビパク
【プレゼントが貰える招待コード】228618844 http://www.derbyimpact.jp ",161897345,OT,TAKAYUKI_45,2014-07-08 06:43:56,0,0
486526585495764992,"あの名馬も、あの騎手も、実名で登場！スマホで無料で遊べる3D競馬ゲーム『ダービーインパクト』で最強馬を育成しよう！ #ダビパク
【プレゼントが貰える招待コード】228618844 http://www.derbyimpact.jp ",161897345,OT,TAKAYUKI_45,2014-07-09 00:05:51,0,0
486990298522738689,"あの名馬も、あの騎手も、実名で登場！スマホで無料で遊べる3D競馬ゲーム『ダービーインパクト』で最強馬を育成しよう！ #ダビパク
【プレゼントが貰える招待コード】228618844 http://www.derbyimpact.jp ",161897345,OT,TAKAYUKI_45,2014-07-10 06:48:29,0,0
487356409449689089,"あの名馬も、あの騎手も、実名で登場！スマホで無料で遊べる3D競馬ゲーム『ダービーインパクト』で最強馬を育成しよう！ #ダビパク
【プレゼントが貰える招待コード】228618844 http://www.derbyimpact.jp ",161897345,OT,TAKAYUKI_45,2014-07-11 07:03:17,0,0
487616975107936256,"あの名馬も、あの騎手も、実名で登場！スマホで無料で遊べる3D競馬ゲーム『ダービーインパクト』で最強馬を育成しよう！ #ダビパク
【プレゼントが貰える招待コード】228618844 http://www.derbyimpact.jp ",161897345,OT,TAKAYUKI_45,2014-07-12 00:18:41,0,0
488057293267685377,"あの名馬も、あの騎手も、実名で登場！スマホで無料で遊べる3D競馬ゲーム『ダービーインパクト』で最強馬を育成しよう！ #ダビパク
【プレゼントが貰える招待コード】228618844 http://www.derbyimpact.jp ",161897345,OT,TAKAYUKI_45,2014-07-13 05:28:21,0,0
488465935536123904,"あの名馬も、あの騎手も、実名で登場！スマホで無料で遊べる3D競馬ゲーム『ダービーインパクト』で最強馬を育成しよう！ #ダビパク
【プレゼントが貰える招待コード】228618844 http://www.derbyimpact.jp ",161897345,OT,TAKAYUKI_45,2014-07-14 08:32:08,0,0
488815844495880192,"あの名馬も、あの騎手も、実名で登場！スマホで無料で遊べる3D競馬ゲーム『ダービーインパクト』で最強馬を育成しよう！ #ダビパク
【プレゼントが貰える招待コード】228618844 http://www.derbyimpact.jp ",161897345,OT,TAKAYUKI_45,2014-07-15 07:42:33,0,0
489178578924236800,"あの名馬も、あの騎手も、実名で登場！スマホで無料で遊べる3D競馬ゲーム『ダービーインパクト』で最強馬を育成しよう！ #ダビパク
【プレゼントが貰える招待コード】228618844 http://www.derbyimpact.jp ",161897345,OT,TAKAYUKI_45,2014-07-16 07:43:56,0,0
489554764716191744,"あの名馬も、あの騎手も、実名で登場！スマホで無料で遊べる3D競馬ゲーム『ダービーインパクト』で最強馬を育成しよう！ #ダビパク
【プレゼントが貰える招待コード】228618844 http://www.derbyimpact.jp ",161897345,OT,TAKAYUKI_45,2014-07-17 08:38:46,0,0
490004220368535552,"あの名馬も、あの騎手も、実名で登場！スマホで無料で遊べる3D競馬ゲーム『ダービーインパクト』で最強馬を育成しよう！ #ダビパク
【プレゼントが貰える招待コード】228618844 http://www.derbyimpact.jp ",161897345,OT,TAKAYUKI_45,2014-07-18 14:24:44,0,0
490279100569755648,"あの名馬も、あの騎手も、実名で登場！スマホで無料で遊べる3D競馬ゲーム『ダービーインパクト』で最強馬を育成しよう！ #ダビパク
【プレゼントが貰える招待コード】228618844 http://www.derbyimpact.jp ",161897345,OT,TAKAYUKI_45,2014-07-19 08:37:01,0,0
490634911087198209,"あの名馬も、あの騎手も、実名で登場！スマホで無料で遊べる3D競馬ゲーム『ダービーインパクト』で最強馬を育成しよう！ #ダビパク
【プレゼントが貰える招待コード】228618844 http://www.derbyimpact.jp ",161897345,OT,TAKAYUKI_45,2014-07-20 08:10:53,0,0
490994639793422336,"あの名馬も、あの騎手も、実名で登場！スマホで無料で遊べる3D競馬ゲーム『ダービーインパクト』で最強馬を育成しよう！ #ダビパク
【プレゼントが貰える招待コード】228618844 http://www.derbyimpact.jp ",161897345,OT,TAKAYUKI_45,2014-07-21 08:00:19,0,0
491336418623356928,"あの名馬も、あの騎手も、実名で登場！スマホで無料で遊べる3D競馬ゲーム『ダービーインパクト』で最強馬を育成しよう！ #ダビパク
【プレゼントが貰える招待コード】228618844 http://www.derbyimpact.jp ",161897345,OT,TAKAYUKI_45,2014-07-22 06:38:25,0,0
491580239370141697,ファミマも上海業者の鶏肉を使用　２２日に販売停止、マックに続き公表（産経新聞） - Y!ニュース http://headlines.yahoo.co.jp/hl?a=20140722-00000586-san-bus_all …,161897345,OT,TAKAYUKI_45,2014-07-22 22:47:16,0,0
491694688257060864,"あの名馬も、あの騎手も、実名で登場！スマホで無料で遊べる3D競馬ゲーム『ダービーインパクト』で最強馬を育成しよう！ #ダビパク
【プレゼントが貰える招待コード】228618844 http://www.derbyimpact.jp ",161897345,OT,TAKAYUKI_45,2014-07-23 06:22:03,0,0
492054744936878080,"あの名馬も、あの騎手も、実名で登場！スマホで無料で遊べる3D競馬ゲーム『ダービーインパクト』で最強馬を育成しよう！ #ダビパク
【プレゼントが貰える招待コード】228618844 http://www.derbyimpact.jp ",161897345,OT,TAKAYUKI_45,2014-07-24 06:12:47,0,0
492551558047858688,"あの名馬も、あの騎手も、実名で登場！スマホで無料で遊べる3D競馬ゲーム『ダービーインパクト』で最強馬を育成しよう！ #ダビパク
【プレゼントが貰える招待コード】228618844 http://www.derbyimpact.jp ",161897345,OT,TAKAYUKI_45,2014-07-25 15:06:57,0,0
492791731121709056,"あの名馬も、あの騎手も、実名で登場！スマホで無料で遊べる3D競馬ゲーム『ダービーインパクト』で最強馬を育成しよう！ #ダビパク
【プレゼントが貰える招待コード】228618844 http://www.derbyimpact.jp ",161897345,OT,TAKAYUKI_45,2014-07-26 07:01:18,0,0
493138885723947009,"あの名馬も、あの騎手も、実名で登場！スマホで無料で遊べる3D競馬ゲーム『ダービーインパクト』で最強馬を育成しよう！ #ダビパク
【プレゼントが貰える招待コード】228618844 http://www.derbyimpact.jp ",161897345,OT,TAKAYUKI_45,2014-07-27 06:00:47,0,0
493563327637770241,"あの名馬も、あの騎手も、実名で登場！スマホで無料で遊べる3D競馬ゲーム『ダービーインパクト』で最強馬を育成しよう！ #ダビパク
【プレゼントが貰える招待コード】228618844 http://www.derbyimpact.jp ",161897345,OT,TAKAYUKI_45,2014-07-28 10:07:21,0,0
493887854129319938,"あの名馬も、あの騎手も、実名で登場！スマホで無料で遊べる3D競馬ゲーム『ダービーインパクト』で最強馬を育成しよう！ #ダビパク
【プレゼントが貰える招待コード】228618844 http://www.derbyimpact.jp ",161897345,OT,TAKAYUKI_45,2014-07-29 07:36:55,0,0
494252700305879041,"あの名馬も、あの騎手も、実名で登場！スマホで無料で遊べる3D競馬ゲーム『ダービーインパクト』で最強馬を育成しよう！ #ダビパク
【プレゼントが貰える招待コード】228618844 http://www.derbyimpact.jp ",161897345,OT,TAKAYUKI_45,2014-07-30 07:46:41,0,0
494506970112479232,"あの名馬も、あの騎手も、実名で登場！スマホで無料で遊べる3D競馬ゲーム『ダービーインパクト』で最強馬を育成しよう！ #ダビパク
【プレゼントが貰える招待コード】228618844 http://www.derbyimpact.jp ",161897345,OT,TAKAYUKI_45,2014-07-31 00:37:03,0,0
495012122292518913,"あの名馬も、あの騎手も、実名で登場！スマホで無料で遊べる3D競馬ゲーム『ダービーインパクト』で最強馬を育成しよう！ #ダビパク
【プレゼントが貰える招待コード】228618844 http://www.derbyimpact.jp ",161897345,OT,TAKAYUKI_45,2014-08-01 10:04:21,0,0
495228465537224704,"あの名馬も、あの騎手も、実名で登場！スマホで無料で遊べる3D競馬ゲーム『ダービーインパクト』で最強馬を育成しよう！ #ダビパク
【プレゼントが貰える招待コード】228618844 http://www.derbyimpact.jp ",161897345,OT,TAKAYUKI_45,2014-08-02 00:24:01,0,0
495719464055230464,"あの名馬も、あの騎手も、実名で登場！スマホで無料で遊べる3D競馬ゲーム『ダービーインパクト』で最強馬を育成しよう！ #ダビパク
【プレゼントが貰える招待コード】228618844 http://www.derbyimpact.jp ",161897345,OT,TAKAYUKI_45,2014-08-03 08:55:04,0,0
496063212471590912,"あの名馬も、あの騎手も、実名で登場！スマホで無料で遊べる3D競馬ゲーム『ダービーインパクト』で最強馬を育成しよう！ #ダビパク
【プレゼントが貰える招待コード】228618844 http://www.derbyimpact.jp ",161897345,OT,TAKAYUKI_45,2014-08-04 07:41:00,0,0
496401316290125825,"あの名馬も、あの騎手も、実名で登場！スマホで無料で遊べる3D競馬ゲーム『ダービーインパクト』で最強馬を育成しよう！ #ダビパク
【プレゼントが貰える招待コード】228618844 http://www.derbyimpact.jp ",161897345,OT,TAKAYUKI_45,2014-08-05 06:04:31,0,0
496789324738752512,"あの名馬も、あの騎手も、実名で登場！スマホで無料で遊べる3D競馬ゲーム『ダービーインパクト』で最強馬を育成しよう！ #ダビパク
【プレゼントが貰える招待コード】228618844 http://www.derbyimpact.jp ",161897345,OT,TAKAYUKI_45,2014-08-06 07:46:19,0,0
497128630288273408,"あの名馬も、あの騎手も、実名で登場！スマホで無料で遊べる3D競馬ゲーム『ダービーインパクト』で最強馬を育成しよう！ #ダビパク
【プレゼントが貰える招待コード】228618844 http://www.derbyimpact.jp ",161897345,OT,TAKAYUKI_45,2014-08-07 06:14:36,0,0
497399575611588609,"あの名馬も、あの騎手も、実名で登場！スマホで無料で遊べる3D競馬ゲーム『ダービーインパクト』で最強馬を育成しよう！ #ダビパク
【プレゼントが貰える招待コード】228618844 http://www.derbyimpact.jp ",161897345,OT,TAKAYUKI_45,2014-08-08 00:11:14,0,0
497880592520724480,"あの名馬も、あの騎手も、実名で登場！スマホで無料で遊べる3D競馬ゲーム『ダービーインパクト』で最強馬を育成しよう！ #ダビパク
【プレゼントが貰える招待コード】228618844 http://www.derbyimpact.jp ",161897345,OT,TAKAYUKI_45,2014-08-09 08:02:38,0,0
498241135286820864,"あの名馬も、あの騎手も、実名で登場！スマホで無料で遊べる3D競馬ゲーム『ダービーインパクト』で最強馬を育成しよう！ #ダビパク
【プレゼントが貰える招待コード】228618844 http://www.derbyimpact.jp ",161897345,OT,TAKAYUKI_45,2014-08-10 07:55:18,0,0
498610580832260096,"あの名馬も、あの騎手も、実名で登場！スマホで無料で遊べる3D競馬ゲーム『ダービーインパクト』で最強馬を育成しよう！ #ダビパク
【プレゼントが貰える招待コード】228618844 http://www.derbyimpact.jp ",161897345,OT,TAKAYUKI_45,2014-08-11 08:23:20,0,0
498974309772034048,"あの名馬も、あの騎手も、実名で登場！スマホで無料で遊べる3D競馬ゲーム『ダービーインパクト』で最強馬を育成しよう！ #ダビパク
【プレゼントが貰える招待コード】228618844 http://www.derbyimpact.jp ",161897345,OT,TAKAYUKI_45,2014-08-12 08:28:40,0,0
499314695036100608,"あの名馬も、あの騎手も、実名で登場！スマホで無料で遊べる3D競馬ゲーム『ダービーインパクト』で最強馬を育成しよう！ #ダビパク
【プレゼントが貰える招待コード】228618844 http://www.derbyimpact.jp ",161897345,OT,TAKAYUKI_45,2014-08-13 07:01:14,0,0
499680117409325058,"あの名馬も、あの騎手も、実名で登場！スマホで無料で遊べる3D競馬ゲーム『ダービーインパクト』で最強馬を育成しよう！ #ダビパク
【プレゼントが貰える招待コード】228618844 http://www.derbyimpact.jp ",161897345,OT,TAKAYUKI_45,2014-08-14 07:13:18,0,0
500043687309492226,"あの名馬も、あの騎手も、実名で登場！スマホで無料で遊べる3D競馬ゲーム『ダービーインパクト』で最強馬を育成しよう！ #ダビパク
【プレゼントが貰える招待コード】228618844 http://www.derbyimpact.jp ",161897345,OT,TAKAYUKI_45,2014-08-15 07:18:00,0,0
500415538632216579,"あの名馬も、あの騎手も、実名で登場！スマホで無料で遊べる3D競馬ゲーム『ダービーインパクト』で最強馬を育成しよう！ #ダビパク
【プレゼントが貰える招待コード】228618844 http://www.derbyimpact.jp ",161897345,OT,TAKAYUKI_45,2014-08-16 07:55:36,0,0
500765081668288514,"あの名馬も、あの騎手も、実名で登場！スマホで無料で遊べる3D競馬ゲーム『ダービーインパクト』で最強馬を育成しよう！ #ダビパク
【プレゼントが貰える招待コード】228618844 http://www.derbyimpact.jp ",161897345,OT,TAKAYUKI_45,2014-08-17 07:04:33,0,0
501117703218659329,"あの名馬も、あの騎手も、実名で登場！スマホで無料で遊べる3D競馬ゲーム『ダービーインパクト』で最強馬を育成しよう！ #ダビパク
【プレゼントが貰える招待コード】228618844 http://www.derbyimpact.jp ",161897345,OT,TAKAYUKI_45,2014-08-18 06:25:45,0,0
501507597078253568,"あの名馬も、あの騎手も、実名で登場！スマホで無料で遊べる3D競馬ゲーム『ダービーインパクト』で最強馬を育成しよう！ #ダビパク
【プレゼントが貰える招待コード】228618844 http://www.derbyimpact.jp ",161897345,OT,TAKAYUKI_45,2014-08-19 08:15:03,0,0
501861269649883136,"あの名馬も、あの騎手も、実名で登場！スマホで無料で遊べる3D競馬ゲーム『ダービーインパクト』で最強馬を育成しよう！ #ダビパク
【プレゼントが貰える招待コード】228618844 http://www.derbyimpact.jp ",161897345,OT,TAKAYUKI_45,2014-08-20 07:40:25,0,0
502234570104643584,"あの名馬も、あの騎手も、実名で登場！スマホで無料で遊べる3D競馬ゲーム『ダービーインパクト』で最強馬を育成しよう！ #ダビパク
【プレゼントが貰える招待コード】228618844 http://www.derbyimpact.jp ",161897345,OT,TAKAYUKI_45,2014-08-21 08:23:47,0,0
502588906400149505,"あの名馬も、あの騎手も、実名で登場！スマホで無料で遊べる3D競馬ゲーム『ダービーインパクト』で最強馬を育成しよう！ #ダビパク
【プレゼントが貰える招待コード】228618844 http://www.derbyimpact.jp ",161897345,OT,TAKAYUKI_45,2014-08-22 07:51:47,0,0
502955653208346626,"あの名馬も、あの騎手も、実名で登場！スマホで無料で遊べる3D競馬ゲーム『ダービーインパクト』で最強馬を育成しよう！ #ダビパク
【プレゼントが貰える招待コード】228618844 http://www.derbyimpact.jp ",161897345,OT,TAKAYUKI_45,2014-08-23 08:09:06,0,0
503340935615246336,"あの名馬も、あの騎手も、実名で登場！スマホで無料で遊べる3D競馬ゲーム『ダービーインパクト』で最強馬を育成しよう！ #ダビパク
【プレゼントが貰える招待コード】228618844 http://www.derbyimpact.jp ",161897345,OT,TAKAYUKI_45,2014-08-24 09:40:05,0,0
503883848644452352,"あの名馬も、あの騎手も、実名で登場！スマホで無料で遊べる3D競馬ゲーム『ダービーインパクト』で最強馬を育成しよう！ #ダビパク
【プレゼントが貰える招待コード】228618844 http://www.derbyimpact.jp ",161897345,OT,TAKAYUKI_45,2014-08-25 21:37:25,0,0
504410203941392385,"あの名馬も、あの騎手も、実名で登場！スマホで無料で遊べる3D競馬ゲーム『ダービーインパクト』で最強馬を育成しよう！ #ダビパク
【プレゼントが貰える招待コード】228618844 http://www.derbyimpact.jp ",161897345,OT,TAKAYUKI_45,2014-08-27 08:28:58,0,0
504733043127361536,"あの名馬も、あの騎手も、実名で登場！スマホで無料で遊べる3D競馬ゲーム『ダービーインパクト』で最強馬を育成しよう！ #ダビパク
【プレゼントが貰える招待コード】228618844 http://www.derbyimpact.jp ",161897345,OT,TAKAYUKI_45,2014-08-28 05:51:49,0,0
505099434510667777,"あの名馬も、あの騎手も、実名で登場！スマホで無料で遊べる3D競馬ゲーム『ダービーインパクト』で最強馬を育成しよう！ #ダビパク
【プレゼントが貰える招待コード】228618844 http://www.derbyimpact.jp ",161897345,OT,TAKAYUKI_45,2014-08-29 06:07:44,0,0
505380693174534145,"あの名馬も、あの騎手も、実名で登場！スマホで無料で遊べる3D競馬ゲーム『ダービーインパクト』で最強馬を育成しよう！ #ダビパク
【プレゼントが貰える招待コード】228618844 http://www.derbyimpact.jp ",161897345,OT,TAKAYUKI_45,2014-08-30 00:45:21,0,0
505830910428606464,"あの名馬も、あの騎手も、実名で登場！スマホで無料で遊べる3D競馬ゲーム『ダービーインパクト』で最強馬を育成しよう！ #ダビパク
【プレゼントが貰える招待コード】228618844 http://www.derbyimpact.jp ",161897345,OT,TAKAYUKI_45,2014-08-31 06:34:21,0,0
506222454646140928,"あの名馬も、あの騎手も、実名で登場！スマホで無料で遊べる3D競馬ゲーム『ダービーインパクト』で最強馬を育成しよう！ #ダビパク
【プレゼントが貰える招待コード】228618844 http://www.derbyimpact.jp ",161897345,OT,TAKAYUKI_45,2014-09-01 08:30:13,0,0
506456622864924674,"あの名馬も、あの騎手も、実名で登場！スマホで無料で遊べる3D競馬ゲーム『ダービーインパクト』で最強馬を育成しよう！ #ダビパク
【プレゼントが貰える招待コード】228618844 http://www.derbyimpact.jp ",161897345,OT,TAKAYUKI_45,2014-09-02 00:00:43,0,0
506947271489892352,"あの名馬も、あの騎手も、実名で登場！スマホで無料で遊べる3D競馬ゲーム『ダービーインパクト』で最強馬を育成しよう！ #ダビパク
【プレゼントが貰える招待コード】228618844 http://www.derbyimpact.jp ",161897345,OT,TAKAYUKI_45,2014-09-03 08:30:22,0,0
507280957087301632,"あの名馬も、あの騎手も、実名で登場！スマホで無料で遊べる3D競馬ゲーム『ダービーインパクト』で最強馬を育成しよう！ #ダビパク
【プレゼントが貰える招待コード】228618844 http://www.derbyimpact.jp ",161897345,OT,TAKAYUKI_45,2014-09-04 06:36:19,0,0
507647424840491008,"あの名馬も、あの騎手も、実名で登場！スマホで無料で遊べる3D競馬ゲーム『ダービーインパクト』で最強馬を育成しよう！ #ダビパク
【プレゼントが貰える招待コード】228618844 http://www.derbyimpact.jp ",161897345,OT,TAKAYUKI_45,2014-09-05 06:52:32,0,0
508030253931827200,"あの名馬も、あの騎手も、実名で登場！スマホで無料で遊べる3D競馬ゲーム『ダービーインパクト』で最強馬を育成しよう！ #ダビパク
【プレゼントが貰える招待コード】228618844 http://www.derbyimpact.jp ",161897345,OT,TAKAYUKI_45,2014-09-06 08:13:45,0,0
508401690261725184,"あの名馬も、あの騎手も、実名で登場！スマホで無料で遊べる3D競馬ゲーム『ダービーインパクト』で最強馬を育成しよう！ #ダビパク
【プレゼントが貰える招待コード】228618844 http://www.derbyimpact.jp ",161897345,OT,TAKAYUKI_45,2014-09-07 08:49:43,0,0
508747724385046528,"あの名馬も、あの騎手も、実名で登場！スマホで無料で遊べる3D競馬ゲーム『ダービーインパクト』で最強馬を育成しよう！ #ダビパク
【プレゼントが貰える招待コード】228618844 http://www.derbyimpact.jp ",161897345,OT,TAKAYUKI_45,2014-09-08 07:44:44,0,0
509110646546247681,"あの名馬も、あの騎手も、実名で登場！スマホで無料で遊べる3D競馬ゲーム『ダービーインパクト』で最強馬を育成しよう！ #ダビパク
【プレゼントが貰える招待コード】228618844 http://www.derbyimpact.jp ",161897345,OT,TAKAYUKI_45,2014-09-09 07:46:51,0,0
509484262018387968,"あの名馬も、あの騎手も、実名で登場！スマホで無料で遊べる3D競馬ゲーム『ダービーインパクト』で最強馬を育成しよう！ #ダビパク
【プレゼントが貰える招待コード】228618844 http://www.derbyimpact.jp ",161897345,OT,TAKAYUKI_45,2014-09-10 08:31:28,0,0
509846099058651136,"あの名馬も、あの騎手も、実名で登場！スマホで無料で遊べる3D競馬ゲーム『ダービーインパクト』で最強馬を育成しよう！ #ダビパク
【プレゼントが貰える招待コード】228618844 http://www.derbyimpact.jp ",161897345,OT,TAKAYUKI_45,2014-09-11 08:29:17,0,0
510085149443108864,"あの名馬も、あの騎手も、実名で登場！スマホで無料で遊べる3D競馬ゲーム『ダービーインパクト』で最強馬を育成しよう！ #ダビパク
【プレゼントが貰える招待コード】228618844 http://www.derbyimpact.jp ",161897345,OT,TAKAYUKI_45,2014-09-12 00:19:11,0,0
510562054445334530,"あの名馬も、あの騎手も、実名で登場！スマホで無料で遊べる3D競馬ゲーム『ダービーインパクト』で最強馬を育成しよう！ #ダビパク
【プレゼントが貰える招待コード】228618844 http://www.derbyimpact.jp ",161897345,OT,TAKAYUKI_45,2014-09-13 07:54:14,0,0
510960688173314048,"あの名馬も、あの騎手も、実名で登場！スマホで無料で遊べる3D競馬ゲーム『ダービーインパクト』で最強馬を育成しよう！ #ダビパク
【プレゼントが貰える招待コード】228618844 http://www.derbyimpact.jp ",161897345,OT,TAKAYUKI_45,2014-09-14 10:18:15,0,0
511271909183344640,"あの名馬も、あの騎手も、実名で登場！スマホで無料で遊べる3D競馬ゲーム『ダービーインパクト』で最強馬を育成しよう！ #ダビパク
【プレゼントが貰える招待コード】228618844 http://www.derbyimpact.jp ",161897345,OT,TAKAYUKI_45,2014-09-15 06:54:56,0,0
511684698620178432,"あの名馬も、あの騎手も、実名で登場！スマホで無料で遊べる3D競馬ゲーム『ダービーインパクト』で最強馬を育成しよう！ #ダビパク
【プレゼントが貰える招待コード】228618844 http://www.derbyimpact.jp ",161897345,OT,TAKAYUKI_45,2014-09-16 10:15:13,0,0
512009225157890048,"あの名馬も、あの騎手も、実名で登場！スマホで無料で遊べる3D競馬ゲーム『ダービーインパクト』で最強馬を育成しよう！ #ダビパク
【プレゼントが貰える招待コード】228618844 http://www.derbyimpact.jp ",161897345,OT,TAKAYUKI_45,2014-09-17 07:44:46,0,0
512384455827148800,"あの名馬も、あの騎手も、実名で登場！スマホで無料で遊べる3D競馬ゲーム『ダービーインパクト』で最強馬を育成しよう！ #ダビパク
【プレゼントが貰える招待コード】228618844 http://www.derbyimpact.jp ",161897345,OT,TAKAYUKI_45,2014-09-18 08:35:48,0,0
512764937249103873,"あの名馬も、あの騎手も、実名で登場！スマホで無料で遊べる3D競馬ゲーム『ダービーインパクト』で最強馬を育成しよう！ #ダビパク
【プレゼントが貰える招待コード】228618844 http://www.derbyimpact.jp ",161897345,OT,TAKAYUKI_45,2014-09-19 09:47:42,0,0
513106726984249346,"あの名馬も、あの騎手も、実名で登場！スマホで無料で遊べる3D競馬ゲーム『ダービーインパクト』で最強馬を育成しよう！ #ダビパク
【プレゼントが貰える招待コード】228618844 http://www.derbyimpact.jp ",161897345,OT,TAKAYUKI_45,2014-09-20 08:25:51,0,0
513471942264102912,"あの名馬も、あの騎手も、実名で登場！スマホで無料で遊べる3D競馬ゲーム『ダービーインパクト』で最強馬を育成しよう！ #ダビパク
【プレゼントが貰える招待コード】228618844 http://www.derbyimpact.jp ",161897345,OT,TAKAYUKI_45,2014-09-21 08:37:05,0,0
523787052333023232,【モンスト】1周年記念「超絶」感謝祭開催中！今なら限定モンスター『エンシェントリドラ』GETのチャンス！1周年に参加して、一緒に盛り上がろう！ #モンスト #1周年 http://www.monster-strike.com/promotion/1st_anniversary/index.html …,161897345,OT,TAKAYUKI_45,2014-10-19 19:45:39,0,0
525876107623407617,「モンスト1周年感謝祭 in nicofarre」25日18時スタート！ついに『エンシェントリドラ』解放が迫る。お笑いコンビ「麒麟」やキングオブコント優勝の「シソンヌ」など、特別ゲストも登場！伝説のニコ生を絶対に見逃すな！#モンスト http://www.monster-strike.com/promotion/1st_anniversary/nicofarre/index.html …,161897345,OT,TAKAYUKI_45,2014-10-25 14:06:49,0,0
531797756356984832,シゲルスダチ亡くなる、後藤騎手『最期を見守れたことが心の慰めです』（http://netkeiba.com ） - Y!ニュース http://headlines.yahoo.co.jp/hl?a=20141110-00000004-kiba-horse …,161897345,OT,TAKAYUKI_45,2014-11-10 22:17:20,0,0
535943458653872128,地球上の誰かがふと思った「モンストにミギーがやってきたら、どうなるだろうか･･･。」期間限定！映画「寄生獣」×モンストのコラボ実施中！モンストのあのキャラの右手にミギーが寄生！？ #モンスト http://www.monster-strike.com/news/20141117_1.html …,161897345,OT,TAKAYUKI_45,2014-11-22 08:50:52,0,0
536120094036721664,"第59回有馬記念ファン投票サイト
http://arima-fan.com/ 
ハープスター・イスラボニータ・フェノーメノ・ワンアンドオンリー・ジャスタウェイ・ゴールドシップ・ラキシス・トーホウジャッカル・ショウナンパンドラ・ヌーヴォレコルトに投票しました。",161897345,OT,TAKAYUKI_45,2014-11-22 20:32:45,0,0
